index,slug,isMultiplayer
0,1-dot-dot-dot-2-dot-dot-dot-3-dot-dot-dot-kick-it-drop-that-beat-like-an-ugly-baby,0
1,100-percent-orange-juice,0
2,12-labours-of-hercules,0
3,12-labours-of-hercules-ii-the-cretan-bull,0
4,12-labours-of-hercules-iii-girl-power,0
5,140,0
6,15-days,0
7,16-bit-arena,0
8,16bit-trader,0
Soundrack/Skin/Bonus,0
10,3d-mini-golf,1
Soundrack/Skin/Bonus,0
Soundrack/Skin/Bonus,0
Soundrack/Skin/Bonus,0
Soundrack/Skin/Bonus,0
Soundrack/Skin/Bonus,0
Soundrack/Skin/Bonus,0
17,4-elements,0
18,404sight,0
19,60-seconds,0
20,7-days-to-die,1
21,7-grand-steps-what-ancients-begat,0
Soundrack/Skin/Bonus,0
23,8bitboy,0
24,8bitmmo,1
25,9-clues-2-the-ward,0
26,9-clues-the-secret-of-serpent-creek,0
27,99-levels-to-hell,0
28,a-bird-story,0
29,a-game-of-thrones-genesis--1,1
30,a-new-beginning-final-cut,0
31,a-story-about-my-uncle,0
32,a-virus-named-tom,0
33,a-walk-in-the-dark,0
34,a-train-8,0
35,a-dot-r-e-dot-s-extinction-agenda,0
36,alliance-of-valiant-arms,1
37,ace-arena-cyber-evolution,1
38,ace-combat-assault-horizon-enhanced-edition,1
39,ai-war-fleet-command,0
40,alltynex-second,1
41,apb-reloaded,1
42,ark-survival-evolved,1
43,aaaaaaaaaaaaaaaaaaaaaaaaa-a-reckless-disregard-for-gravity,0
44,aaaaaaaaaaaaaaaaaaaaaaaaa-for-the-awesome,0
45,aberoth,0
46,absconding-zatwor,0
47,absolute-drift,0
48,abyss-odyssey,0
49,abyss-the-wraiths-of-eden,0
50,ace-of-spades-battle-builder--1,1
51,aces-wild-manic-brawling-action,0
52,achron,0
53,adventure-capitalist,0
54,adventurer-manager,0
55,the-adventures-of-bertram-fiddle-episode-1-a-dreadly-business,0
56,the-adventures-of-shuggy,0
57,aeon-command,0
58,aerena-clash-of-champions,1
59,afterfall-insanity-extended-edition,1
60,afterlife-empire,0
61,aftermath--1,1
Soundrack/Skin/Bonus,0
Soundrack/Skin/Bonus,0
Soundrack/Skin/Bonus,0
Soundrack/Skin/Bonus,0
Soundrack/Skin/Bonus,0
Soundrack/Skin/Bonus,0
68,agarest-generations-of-war,0
Soundrack/Skin/Bonus,0
70,record-of-agarest-war-zero,0
71,age-of-booty,0
72,age-of-chivalry,1
73,age-of-conan-unchained,0
74,age-of-empires-ii-hd-edition,0
Soundrack/Skin/Bonus,0
76,age-of-empires-iii-complete-collection,0
77,age-of-empires-online,1
78,age-of-mythology-extended-edition,0
79,age-of-wonders,0
80,age-of-wonders-ii-the-wizard-s-throne,0
81,age-of-wonders-iii,0
82,age-of-wonders-shadow-magic,0
Soundrack/Skin/Bonus,0
84,aggression-europe-under-fire,0
85,aion,1
86,air-brawl,0
87,airbuccaneers,1
88,airmech-strike,1
89,airline-tycoon-2,0
90,alan-wake,1
91,alan-wake-s-american-nightmare,1
92,alchemy-mysteries-prague-legends,0
93,alex-hunter-lord-of-the-mind,0
94,alice-madness-returns,0
95,alien-breed-2-assault,1
96,alien-breed-3-descent,1
97,alien-breed-impact,1
98,alien-hallway,0
99,alien-isolation,0
100,alien-shooter,1
101,alien-shooter-2-conscription,1
102,alien-shooter-2-reloaded,0
103,alien-shooter-vengeance,1
104,alien-swarm,1
105,aliens-colonial-marines,1
106,aliens-versus-predator-classic-2000,1
107,aliens-vs-predator,1
108,all-is-dust,0
109,alone-in-the-dark,0
110,alpha-kimori-great-doubt-episode-one,0
111,alpha-prime,1
112,alpha-protocol,1
113,alter-ego,0
114,altitude,1
115,always-sometimes-monsters,0
116,amazing-adventures-around-the-world,0
117,amazing-adventures-the-lost-tomb,0
118,amazing-world,0
119,americas-army-3,1
120,americas-army-proving-grounds,1
121,amerzone-the-explorers-legacy,0
122,amnesia-a-machine-for-pigs,0
123,amnesia-the-dark-descent,0
124,among-ripples,0
125,among-the-sleep,0
Soundrack/Skin/Bonus,0
127,anachronox,0
128,analogue-a-hate-story,0
129,anarchy-arcade,1
130,ancient-space--1,0
131,and-yet-it-moves--1,0
132,angels-fall-first,1
133,angry-birds-space,0
134,angry-video-game-nerd-adventures,1
135,anna-extended-edition,0
136,anno-1404,0
137,anno-1404-venice,1
138,anno-2070,1
139,anno-online,0
140,anodyne,0
141,anomaly-2,0
142,anomaly-korea,0
143,anomaly-warzone-earth,0
144,another-world,0
145,anoxemia,0
146,antichamber,0
147,apotheon,0
Soundrack/Skin/Bonus,0
149,aquaria,0
150,arcane-saga-online,1
Soundrack/Skin/Bonus,0
152,archeage,1
Soundrack/Skin/Bonus,0
154,archeblade,1
155,arctic-combat,1
156,arena-wars-2,0
157,arma-2,1
158,arma-2-british-armed-forces,1
159,arma-ii-dayz,1
160,arma-ii-free,0
161,arma-2-operation-arrowhead,1
Soundrack/Skin/Bonus,0
163,arma-2-private-military-company,1
164,arma-3,1
165,arma-3-helicopters,0
166,arma-3-karts,1
167,arma-3-marksmen--1,1
168,arma-3-zeus,0
169,arma-cold-war-assault,1
Soundrack/Skin/Bonus,0
171,artemis-spaceship-bridge-simulator,0
172,ascend-hand-of-kul,0
173,assassin-s-creed,0
174,assassins-creed-brotherhood--1,0
Soundrack/Skin/Bonus,0
176,assassins-creed-ii,0
177,assassin-s-creed-iii,0
178,assassins-creed-iv-black-flag,1
179,assassin-s-creed-iii-liberation,0
180,assassins-creed-revelations,0
181,assassins-creed-syndicate,0
182,assassins-creed-chronicles-china--1,0
183,assassins-creed-unity,0
184,assetto-corsa,0
185,astebreed,1
186,asteroids-outpost,0
187,astropop-deluxe,0
188,atlantica-online,1
189,atom-zombie-smasher,0
190,audiosurf,0
191,audiosurf-2,0
192,audition-online--1,0
193,aura-fate-of-the-ages,0
194,aura-kingdom,1
195,autobahn-police-simulator,0
196,avadon-2-the-corruption,0
197,avadon-the-black-fortress,0
198,avencast-rise-of-the-mage,0
199,aveyond-3-1-lord-of-twilight,0
200,awesomenauts,1
201,axiom-verge,0
Soundrack/Skin/Bonus,0
Soundrack/Skin/Bonus,0
Soundrack/Skin/Bonus,0
205,beep,0
206,bit-dot-trip-beat,0
207,runner2-future-legend-of-rhythm-alien,0
208,bit-trip-runner,0
209,blockade-3d,1
210,brink,1
211,back-to-bed--1,0
212,back-to-dinosaur-island,0
213,back-to-the-future-the-game-episode-1-its-about-time,0
214,back-to-the-future-the-game-episode-2-get-tannen,0
215,back-to-the-future-the-game-episode-3-citizen-brown,0
216,back-to-the-future-the-game-episode-4-double-visions,0
217,back-to-the-future-the-game-episode-5-outatime,0
218,bad-rats,0
219,baldur-s-gate-enhanced-edition,0
Soundrack/Skin/Bonus,0
221,ballad-of-solar,0
222,ballpoint-universe-infinite,1
223,banished,0
224,bardbarian,0
225,bastion,0
226,batla,1
227,batman-arkham-asylum-game-of-the-year-edition,0
228,batman-arkham-city,0
229,batman-arkham-city-game-of-the-year-edition,0
230,batman-arkham-knight,0
231,batman-arkham-origins,1
Soundrack/Skin/Bonus,0
Soundrack/Skin/Bonus,0
Soundrack/Skin/Bonus,0
Soundrack/Skin/Bonus,0
Soundrack/Skin/Bonus,0
237,batman-arkham-origins-blackgate-deluxe-edition,1
238,battle-battalions,0
239,battle-islands,1
240,battle-nations,0
241,battle-for-blood,0
242,battleblock-theater,0
243,battlefield-2,1
244,battlefield-bad-company-2,1
245,battlefield-bad-company-2-vietnam,1
246,battlepaths,0
247,battlestations-midway,1
248,battlestations-pacific,1
249,beast-boxing-turbo,0
250,beat-hazard,1
251,beat-hazard-shadow-operations-unit,0
252,beatbuddy-tale-of-the-guardians,0
253,before-the-echo,0
254,bejeweled-2-deluxe,0
255,bejeweled-3,0
256,bejeweled-deluxe,0
257,bejeweled-twist,0
258,ben-there-dan-that,0
259,besiege,0
260,betrayer,1
261,beware-planet-earth--1,0
262,beyond-divinity,0
263,beyond-good-evil,1
264,bit-evolution,0
265,big-money,0
266,big-pharma,0
267,binary-domain,1
268,bioshock--2,1
269,bioshock-2,1
270,bioshock-infinite,1
Soundrack/Skin/Bonus,0
272,bioshock-infinite-burial-at-sea-episode-1,1
273,bioshock-infinite-burial-at-sea-episode-2,1
274,bionic-commando--1,1
275,bionic-commando-rearmed,1
276,bionic-dues,0
277,black-fire,0
278,black-mesa,1
279,black-viper-sophias-fate,0
280,blackguards,0
281,blackguards-2,0
282,blackguards-untold-legends,0
283,blacklight-retribution,1
284,the-blackwell-epiphany,0
285,blade-symphony,1
286,blast-em,0
287,blaster-shooter-gunguy,0
288,blazblue-calamity-trigger,0
289,blazblue-continuum-shift-extend,0
290,bleed,1
Soundrack/Skin/Bonus,0
292,block-n-load,1
293,blockland,1
294,blocks-that-matter,0
295,blockscape,0
296,blockstorm,1
297,blood-bowl-chaos-edition,0
298,blood-bowl-legendary-edition,0
299,blood-omen-2-legacy-of-kain,0
300,blood-one-unit-whole-blood,1
301,blood-of-old,0
302,blood-of-the-werewolf,0
303,bloodrealm-battlegrounds,0
304,bloodline-champions,1
305,bloodsports-dot-tv,0
306,bloodsports-dot-tv-blood-brawl,0
307,bloody-good-time,1
308,bloody-trapland,0
309,bloop--1,0
310,blue-toad-murder-files-the-mysteries-of-little-riddle,0
311,blur,0
312,boid,0
313,boo-bunny-plague,0
314,bookworm-deluxe,0
315,bookworm-adventures,0
316,booster-trooper,1
317,borderlands,1
318,borderlands-2,1
319,borderlands-2-tk-bahas-bloody-harvest,1
320,borderlands-2-the-horrible-hunger-of-the-ravenous-wattle-gobbler,1
321,borderlands-2-how-marcus-saved-mercenary-day,1
322,borderlands-2-mad-moxxi-and-the-wedding-day-massacre,1
323,borderlands-2-sir-hammerlock-vs-the-son-of-crawmerax,1
Soundrack/Skin/Bonus,0
325,borderlands-claptraps-new-robot-revolution,1
326,borderlands-mad-moxxis-underdome-riot,1
327,borderlands-the-secret-armory-of-general-knoxx,1
328,borderlands-the-zombie-island-of-dr-ned,1
329,borderlands-the-pre-sequel,1
330,boring-man-online-tactical-stickman-combat,1
331,botanicula,0
332,bound-by-flame,0
333,braid,0
334,brawl-busters,1
335,brawlhalla,0
336,breach-and-clear,1
337,break-into-zatwor,0
338,breath-of-death-vii,0
339,brick-force,0
340,brink-of-consciousness-dorian-gray-syndrome,0
341,broforce,1
342,broken-age,0
343,broken-sword-shadow-of-the-templars-the-directors-cut--1,0
344,broken-sword-the-smoking-mirror-remastered,0
345,broken-sword-the-sleeping-dragon,0
346,broken-sword-5-the-serpents-curse,0
347,brothers-a-tale-of-two-sons,0
Soundrack/Skin/Bonus,0
349,bullet-run,1
350,bulletstorm,1
351,bully-scholarship-edition,0
352,bunch-of-heroes,1
353,burgers,0
354,burnout-paradise-the-ultimate-box,0
355,burstfire,1
356,bus-driver,0
357,bus-simulator-2012,0
Soundrack/Skin/Bonus,0
359,cid-the-dummy,0
360,company-of-heroes-2-the-western-front-armies--1,1
361,company-of-heroes-2-the-western-front-armies-us-forces,0
362,consortium,1
363,ct-special-forces-fire-for-effect,1
364,cabelas-big-game-hunter-pro-hunts,1
365,caesaria,0
366,cakewalk,0
367,call-of-cthulhu-dark-corners-of-the-earth,1
368,call-of-duty--1,1
369,call-of-duty-2,1
370,call-of-duty-4-modern-warfare,1
371,call-of-duty-advanced-warfare,1
Soundrack/Skin/Bonus,0
373,call-of-duty-black-ops--1,1
Soundrack/Skin/Bonus,0
Soundrack/Skin/Bonus,0
Soundrack/Skin/Bonus,0
377,call-of-duty-black-ops-ii--1,1
Soundrack/Skin/Bonus,0
Soundrack/Skin/Bonus,0
380,call-of-duty-black-ops-iii,1
381,call-of-duty-ghosts,1
Soundrack/Skin/Bonus,0
383,call-of-duty-modern-warfare-2,1
Soundrack/Skin/Bonus,0
385,call-of-duty-modern-warfare-2-resurgence-pack,0
Soundrack/Skin/Bonus,0
387,call-of-duty-modern-warfare-3,1
Soundrack/Skin/Bonus,0
389,call-of-duty-united-offensive,1
390,call-of-duty-world-at-war,1
Soundrack/Skin/Bonus,0
392,call-of-juarez-gunslinger,1
393,call-of-juarez-the-cartel,1
394,call-of-tomsk-7,0
395,camera-obscura,0
396,cannon-brawl,0
397,cannons-lasers-rockets,1
398,canyon-capers,0
399,capsized,0
400,captain-forever-remix,1
401,captain-morgane-and-the-golden-turtle,0
402,car-mechanic-simulator-2014,0
403,car-mechanic-simulator-2015,0
Soundrack/Skin/Bonus,0
Soundrack/Skin/Bonus,0
406,car-mechanic-simulator-2015-visual-tuning,0
407,car-mechanic-simulator-2015-youngtimer,0
408,card-city-nights,0
409,card-hunter,0
410,cargo-commander--1,1
411,cargo-the-quest-for-gravity,0
412,carpe-diem,0
413,carrier-command-gaea-mission,1
414,caster,1
415,castle-crashers,1
416,castle-crashers-blacksmith-pack,0
417,castle-crashers-pink-knight-pack,0
418,castle-never-judge-a-book-by-its-cover,0
419,castle-story--1,0
420,castleminer-z,0
421,castlestorm,1
422,castlestorm-from-outcast-to-savior,0
423,castlestorm-the-warrior-queen,0
424,castlevania-lords-of-shadow-ultimate-edition,0
425,castlevania-lords-of-shadow-2,0
Soundrack/Skin/Bonus,0
427,castlevania-lords-of-shadow-2-revelations,0
428,cat-goes-fishing,0
429,cave-story-plus--1,1
430,champions-online,1
431,chantelise-a-tale-of-two-sisters,0
432,chaos-domain,0
Soundrack/Skin/Bonus,0
434,chaos-on-deponia,0
435,chaser--1,0
436,cherry-tree-high-comedy-club,0
437,cherry-tree-high-i-my-girls,0
438,chessmaster--1,0
439,child-of-light,0
440,chime,0
441,chip,0
442,chivalry-medieval-warfare,1
443,chronicles-of-mystery-the-scorpio-ritual,0
444,chucks-challenge-3d,0
445,chuzzle-deluxe,0
446,cinders--1,0
447,citadels,0
448,cities-skylines,0
449,cities-xl-2012,0
450,cities-xl-platinum,0
451,cities-xxl,0
452,cities-in-motion,0
453,cities-in-motion-2,0
454,citizens-of-earth,0
455,city-of-heroes,1
456,city-of-steam-arkadia,0
457,civil-war-ii,1
458,clans,0
459,clergy-splode,0
460,clicker-heroes,0
Soundrack/Skin/Bonus,0
462,clockwork-tales-of-glass-and-ink,0
463,close-your-eyes--1,0
464,closure,0
465,cloud-chamber,1
466,cloudberry-kingdom,0
467,cloudbuilt,0
468,cobi-treasure-deluxe,0
469,codename-cure,1
470,codename-gordon,1
471,codename-panzers-cold-war,0
472,coffin-dodgers,0
473,cogs,0
474,coil,0
475,coin-crypt,0
476,coldfire-keep,0
477,colin-mcrae-rally,0
478,combat-arms,1
479,combat-wings-battle-of-britain,0
480,command-conquer-3-kane-s-wrath,0
481,command-conquer-3-tiberium-wars,1
482,command-conquer-4-tiberian-twilight,0
483,command-conquer-red-alert-3,0
Soundrack/Skin/Bonus,0
485,commander-conquest-of-the-americas,0
486,commander-conquest-of-the-americas-pirate-treasure-chest,0
487,commander-conquest-of-the-americas-gold-edition,0
488,commando-jack,0
489,commandos-2-men-of-courage,1
490,commandos-3-destination-berlin,0
491,commandos-behind-enemy-lines,0
492,commandos-beyond-the-call-of-duty,0
493,company-of-heroes,1
Soundrack/Skin/Bonus,0
495,company-of-heroes-2,0
496,company-of-heroes-2-ardennes-assault,0
497,company-of-heroes-opposing-fronts,0
498,company-of-heroes-tales-of-valor,0
499,company-of-heroes-the-great-war-1918,0
500,condemned-criminal-origins,1
501,confrontation,0
502,conquest-of-champions,1
Soundrack/Skin/Bonus,0
Soundrack/Skin/Bonus,0
505,contagion,1
506,contraption-maker,0
507,contrast,0
Soundrack/Skin/Bonus,0
509,cook-serve-delicious,0
510,copa-petrobras-de-marcas,0
511,cortex-command,0
512,cortexgear-angrydroids,0
513,cosmic-osmos-hex-isle,0
514,cosmonautica,0
Soundrack/Skin/Bonus,0
Soundrack/Skin/Bonus,0
517,costume-quest,0
518,costume-quest-2--1,0
519,counter-strike,1
520,counter-strike-condition-zero,1
Soundrack/Skin/Bonus,0
522,counter-strike-global-offensive,1
Soundrack/Skin/Bonus,0
524,counter-strike-source,1
525,crab-cakes-rescue,0
526,cradle,0
527,craft-the-world,0
528,crash-time-ii,0
529,crayon-physics-deluxe,0
530,crazy-machines-2,0
Soundrack/Skin/Bonus,0
532,crazy-machines-2-back-to-the-shop-add-on,0
533,crazy-machines-elements,0
534,crazy-taxi,0
535,creativerse,1
536,creeper-world-3-arc-eternal,0
537,crimecraft-gangwars,1
538,crimzon-clover-world-ignition,1
539,critical-mass--2,0
540,cronix,1
Soundrack/Skin/Bonus,0
542,crusader-kings-ii,0
Soundrack/Skin/Bonus,0
Soundrack/Skin/Bonus,0
545,crusader-kings-ii-sons-of-abraham,0
Soundrack/Skin/Bonus,0
547,crusaders-of-the-lost-idols,0
548,cry-of-fear,1
549,cryostasis,1
550,crypt-of-the-necrodancer,0
Soundrack/Skin/Bonus,0
Soundrack/Skin/Bonus,0
553,crysis,1
554,crysis-2-maximum-edition,1
555,crysis-warhead,1
556,crysis-wars,1
557,crystals-of-time,0
558,cthulhu-saves-the-world,0
559,cubetractor,0
560,cubic-castles,0
561,cult-of-the-wind,1
562,curse-the-eye-of-isis,0
563,curse-of-mermos,0
564,diprip-warm-up,0
565,dark--1,0
566,dark-souls-ii,0
Soundrack/Skin/Bonus,0
568,dark-souls-ii-crown-of-the-old-iron-king,0
569,dark-souls-ii-scholar-of-the-first-sin,0
570,dc-universe-online,1
571,dcs-world,1
572,defcon,0
573,detours,0
574,dlc-quest,0
575,doom-3,1
576,doom-3-bfg-edition,1
577,doom-3-resurrection-of-evil,1
578,doom-ii-hell-on-earth,1
579,dragon-ball-xenoverse,0
580,drakerz-confrontation--1,0
581,dungeons-steam-special-edition,0
582,dungeons-the-dark-lord-steam-special-edition,0
583,dynasty-warriors-8-xtreme-legends-complete-edition,0
584,daikatana--1,0
585,damned,0
586,dark-arcana-the-carnival,0
587,dark-forester,0
588,dark-messiah-of-might-and-magic,0
Soundrack/Skin/Bonus,0
590,dark-souls-prepare-to-die-edition,0
591,dark-void,1
592,dark-void-zero,1
593,darkstar-one,0
594,darkest-dungeon,0
595,darkest-hour-a-hearts-of-iron-game,1
596,darkest-hour-europe-44-45,1
597,darkout,0
598,darksiders,0
599,darksiders-ii,0
600,darksiders-ii-deathinitive-edition,0
Soundrack/Skin/Bonus,0
Soundrack/Skin/Bonus,0
603,darkspore,0
604,darkwind-war-on-wheels,0
605,darwinia,0
606,day-of-defeat,1
607,day-of-defeat-source,1
608,dayz,1
609,dead-bits,1
Soundrack/Skin/Bonus,0
611,dead-effect,1
612,dead-horde,1
613,dead-island,1
614,dead-island-epidemic,1
615,dead-island-riptide,1
616,dead-pixels,1
617,dead-rising-2,1
618,dead-rising-2-off-the-record,0
619,dead-rising-3,1
Soundrack/Skin/Bonus,0
Soundrack/Skin/Bonus,0
Soundrack/Skin/Bonus,0
Soundrack/Skin/Bonus,0
624,dead-space--1,1
625,dead-space-2,1
626,deadcore,1
627,deadbreed,1
Soundrack/Skin/Bonus,0
629,deadlight,0
Soundrack/Skin/Bonus,0
631,deadly-premonition-directors-cut,1
632,deadly-profits,0
633,deadly-sin-2,0
634,deadpool--1,0
635,dear-esther,0
636,death-skid-marks,0
637,death-to-spies-moment-of-truth,1
638,deathspank,0
639,deathspank-thongs-of-virtue,0
640,deathmatch-classic,1
641,deep-dungeons-of-doom,0
642,deep-under-the-sky,0
643,deepworld,0
644,defenders-quest-valley-of-the-forgotten,0
645,defense-grid-2,0
Soundrack/Skin/Bonus,0
647,defense-grid-containment-dlc,0
648,defense-grid-resurgence-map-pack-1,0
649,defense-grid-resurgence-map-pack-2,0
Soundrack/Skin/Bonus,0
651,defense-grid-resurgence-map-pack-4,0
652,defense-grid-the-awakening,0
653,defiance,1
654,defy-gravity,1
655,delver,1
656,demigod,1
657,democracy-2,0
658,democracy-3,0
659,democracy-3-clones-and-drones,0
660,democracy-3-extremism,0
Soundrack/Skin/Bonus,0
Soundrack/Skin/Bonus,0
663,democracy-3-social-engineering,0
Soundrack/Skin/Bonus,0
Soundrack/Skin/Bonus,0
666,demolition-inc,0
667,demon-hunter-chronicles-from-beyond,0
668,deponia,0
669,deponia-the-complete-journey,0
670,depression-quest,0
671,depth,1
Soundrack/Skin/Bonus,0
Soundrack/Skin/Bonus,0
674,depths-of-peril,0
675,descent--4,0
676,desperados-wanted-dead-or-alive,0
677,destination-sol,0
678,destiny-warriors,0
679,dethroned,0
680,deus-ex-game-of-the-year-edition,1
681,deus-ex-human-revolution,1
682,deus-ex-human-revolution-directors-cut,1
683,deus-ex-human-revolution-the-missing-link,1
684,deus-ex-invisible-war,1
685,deus-ex-revision,0
686,deus-ex-the-fall,1
Soundrack/Skin/Bonus,0
688,devil-may-cry-4,0
689,devilian,0
690,colin-mcrae-dirt,0
Soundrack/Skin/Bonus,0
692,dirt-3,1
693,dirt-3-complete-edition,0
694,dirt-rally,1
695,dirt-showdown,1
696,digger-online,0
697,dcs-a-10c-warthog,0
698,dino-d-day,1
Soundrack/Skin/Bonus,0
700,dirty-bomb,1
701,disciples-ii-galleans-return,0
702,disciples-ii-rise-of-the-elves,0
703,disciples-iii-renaissance--1,0
704,disciples-iii-resurrection--1,0
705,dishonored,0
Soundrack/Skin/Bonus,0
707,disney-infinity-2-dot-0,0
Soundrack/Skin/Bonus,0
709,distance,1
710,district-187,1
711,divekick,1
712,divine-divinity,0
713,divine-souls,1
714,divinity-dragon-commander,0
Soundrack/Skin/Bonus,0
716,divinity-ii-the-dragon-knight-saga,0
717,divinity-ii-developers-cut,0
718,divinity-original-sin,0
719,divinity-original-sin-enhanced-edition,0
720,dizzel,1
721,dmc-devil-may-cry,0
722,dogfighter,0
723,dogfight-1942,1
724,dogfight-1942-fire-over-africa--1,0
725,dogfight-1942-russia-under-siege,0
Soundrack/Skin/Bonus,0
727,dominions-4-thrones-of-ascension,0
728,don-t-starve,0
729,dont-starve-reign-of-giants,0
730,dont-starve-shipwrecked,0
Soundrack/Skin/Bonus,0
732,doom-and-destiny,0
733,door-kickers,1
Soundrack/Skin/Bonus,0
735,doorways-prelude,0
736,dota-2,1
737,double-action-boogaloo,1
738,double-dragon-neon,0
739,downwell,1
740,dr-langeskov-the-tiger-and-the-terribly-cursed-emerald-a-whirlwind-heist,0
741,dracula-2-the-last-sanctuary,0
742,draculas-legacy,0
743,dragomon-hunter,1
Soundrack/Skin/Bonus,0
745,dragon-age-origins,0
746,dragon-age-origins-ultimate-edition,0
Soundrack/Skin/Bonus,0
748,dragon-nest,1
749,dragon-nest-europe,0
750,dragon-the-game,0
751,dragons-lair--1,0
752,dragon-s-prophet,1
753,dragon-s-prophet,1
754,dragons-and-titans,1
755,drakensang-the-river-of-time,0
756,draw-a-stickman-epic,0
757,dream-of-mirror-online,0
758,dreamfall-chapters,0
759,dreamfall-the-longest-journey,0
760,driver-san-francisco,1
761,driving-school-simulator,0
762,droid-assault,1
763,droplitz,0
764,drunken-robot-pornography,1
765,duke-nukem-3d-megaton-edition,1
766,duke-nukem-forever--1,1
767,duke-nukem-manhattan-project,1
768,dungeon-defenders,1
769,dungeon-defenders-eternity,1
770,dungeon-defenders-ii,0
771,dungeon-fighter-online,1
772,dungeon-hearts,0
773,dungeon-party--1,0
774,dungeon-siege,0
775,dungeon-siege-ii,0
776,dungeon-siege-iii,0
777,dungeon-of-the-endless,0
778,dungeonland,0
Soundrack/Skin/Bonus,0
780,dungeons-and-dragons-chronicles-of-mystara,1
781,dungeons-and-dragons-online,1
782,dungeons-of-dredmor,0
783,dust-an-elysian-tail,0
784,dustforce,0
785,dwarfs-f2p,0
786,dwarfs,0
787,dyad,1
788,dying-light,1
789,dynamite-jack,0
790,dynasty-warriors-8-empires,0
791,dynomite-deluxe,0
792,dysfunctional-systems-learning-to-manage-chaos,0
793,e-y-e-divine-cybermancy,1
794,edge,0
795,enslaved-odyssey-to-the-west-premium-edition,0
796,eve-online,1
Soundrack/Skin/Bonus,0
798,eador-masters-of-the-broken-world,0
799,earth-2150-lost-souls,0
800,earth-2150-the-moon-project,0
801,earth-2160,0
802,earth-defense-force-insect-armageddon,1
803,east-india-company-gold,0
Soundrack/Skin/Bonus,0
805,echo-of-soul,1
806,echo-of-the-wilds,0
807,echoes-plus,0
808,eden-star,1
809,edge-of-space,0
810,edna-harvey-harvey-s-new-eyes,0
811,eets-chowdown,0
812,eets-munchies,0
813,eldevin,1
814,eldritch,1
815,electric-highways,0
816,electronic-super-joy--1,1
Soundrack/Skin/Bonus,0
Soundrack/Skin/Bonus,0
819,element4l,0
Soundrack/Skin/Bonus,0
821,elementary-my-dear-majesty,0
822,elite-dangerous,1
823,elite-dangerous-horizons,0
824,elsword,1
825,emily-is-away,0
826,empire-total-war,0
827,empyrion-galactic-survival,1
828,enclave,0
829,endless-legend,0
830,endless-sky--1,0
831,endless-space,0
832,enemy-mind,0
833,english-country-tune,0
834,enigmatis-2-the-mists-of-ravenwood,0
835,epic-arena,0
836,epic-battle-fantasy-4,0
837,epic-cards-battle,0
838,escape--4,0
839,escape-machines,1
840,escape-rosecliff-island,0
841,eschalon-book-ii,0
Soundrack/Skin/Bonus,0
843,estranged-act-i,1
844,eternal-fate,0
845,eternal-senia,0
846,ethan-meteor-hunter,0
847,ether-one-be9f9aff-105e-448a-a37b-7863a0c0a683,0
Soundrack/Skin/Bonus,0
849,ether-one-redux,0
850,ether-vapor-remaster,1
851,etherium,0
852,eufloria,0
853,eufloria-hd,0
Soundrack/Skin/Bonus,0
855,euro-truck-simulator-2,0
Soundrack/Skin/Bonus,0
Soundrack/Skin/Bonus,0
858,eurofighter-typhoon,0
859,europa-universalis-iii,0
860,europa-universalis-iii-divine-wind,0
861,europa-universalis-iii-heir-to-the-throne,0
862,europa-universalis-iv,0
863,europa-universalis-iv-american-dream,0
864,europa-universalis-iv-conquest-of-paradise,0
Soundrack/Skin/Bonus,0
866,europa-universalis-iv-national-monuments-ii,0
Soundrack/Skin/Bonus,0
868,europa-universalis-iv-native-americans-unit-pack,0
869,europa-universalis-rome-gold-edition,0
Soundrack/Skin/Bonus,0
871,everquest,1
872,everquest-ii,1
873,everquest-secrets-of-faydwer,1
874,everquest-seeds-of-destruction,1
875,everlasting-summer,0
876,evil-genius,0
877,evochron-mercenary,0
878,evoland,0
879,evolution-rts,0
880,evolve,1
Soundrack/Skin/Bonus,0
882,expeditions-conquistador,0
883,fear--1,1
884,f-e-a-r-2-project-origin,1
885,f-e-a-r-3,1
886,f-e-a-r-extraction-point,1
887,fear-online,1
888,f-e-a-r-perseus-mandate,1
889,f1-2010,0
890,f1-2012,0
891,f1-2013,0
892,f1-2014,1
893,fate--1,1
894,fate-the-traitor-soul,0
Soundrack/Skin/Bonus,0
896,fez,0
897,fifa-manager-10,0
898,final-fantasy-iii--3,0
899,final-fantasy-type-0-hd,0
900,final-fantasy-vii--7,0
901,final-fantasy-viii,0
Soundrack/Skin/Bonus,0
903,final-fantasy-xiii,0
904,final-fantasy-xiii-2,0
905,final-fantasy-xiv-online,1
906,final-fantasy-xiv-online,1
907,final-fantasy-xiv-online,1
908,final-fantasy-xiv-online,1
909,final-fantasy-xiv-heavensward,1
910,flyn,0
911,forced,1
912,fract-osc,0
913,ftl-faster-than-light,0
914,fuel,0
915,fable-the-lost-chapters,1
916,fable-anniversary,0
917,fable-iii,0
918,face-it-a-game-to-fight-inner-demons,0
919,face-of-mankind,1
920,faerie-solitaire,0
921,faery-legends-of-avalon,0
922,fairy-bloom-freesia,0
Soundrack/Skin/Bonus,0
924,fairy-tale-mysteries-the-puppet-thief,0
925,fall-of-the-new-age-premium-edition,0
926,fallen-earth,1
927,fallen-enchantress,0
928,fallen-enchantress-legendary-heroes,0
Soundrack/Skin/Bonus,0
Soundrack/Skin/Bonus,0
Soundrack/Skin/Bonus,0
Soundrack/Skin/Bonus,0
Soundrack/Skin/Bonus,0
934,fallout,1
935,fallout-2,0
936,fallout-3,1
937,fallout-3-game-of-the-year-edition,1
938,fallout-4,1
939,fallout-new-vegas,1
Soundrack/Skin/Bonus,0
Soundrack/Skin/Bonus,0
Soundrack/Skin/Bonus,0
943,fallout-tactics,0
944,famaze,0
945,far-cry,1
946,far-cry-2,1
947,far-cry-2-fortunes-edition,1
948,far-cry-3,1
949,far-cry-3-blood-dragon,1
950,far-cry-4,1
951,farsky,0
952,farming-simulator-15,1
953,farming-simulator-2011,0
954,farming-simulator-2013,0
Soundrack/Skin/Bonus,0
956,fate-of-the-world,0
957,fearless-fantasy,0
Soundrack/Skin/Bonus,0
959,fester-mudd-curse-of-the-gold-episode-1,0
960,fieldrunners,0
961,fieldrunners-2,0
962,fiesta-online,0
963,fiesta-online-na,0
964,fight-the-dragon,1
965,final-doom,1
966,final-exam--1,0
967,the-final-hours-of-titanfall,0
968,finding-teddy,0
Soundrack/Skin/Bonus,0
970,fingered,0
971,adventure-time-finn-and-jakes-epic-quest,0
972,firefall,1
973,fishing-planet,1
974,fist-puncher,0
975,fist-of-jesus,0
976,fistful-of-frags,1
977,five-nights-at-freddys--1,0
978,five-nights-at-freddys-2--1,0
979,five-nights-at-freddys-3,0
980,five-nights-at-freddys-4,0
981,flame-over,1
982,flatout,0
983,flatout-2,1
984,flatout-ultimate-carnage,0
Soundrack/Skin/Bonus,0
986,flesh-eaters,0
987,flight-of-the-icarus,0
988,floating-point,0
989,football-manager-2009,0
990,football-manager-2010,0
991,football-manager-2011,0
992,football-manager-2012,0
993,football-manager-2013,0
994,football-manager-2014,0
995,football-manager-2015,0
996,football-manager-2016,0
Soundrack/Skin/Bonus,0
998,football-superstars,0
999,forge,1
1000,fork-parkers-holiday-profit-hike,0
Soundrack/Skin/Bonus,0
1002,forsaken-world,1
1003,fortix,1
1004,fortune-summoners-secret-of-the-elemental-stone,0
1005,fox-and-flock,0
1006,fractal-make-blooms-not-war,0
1007,fractured-space,1
1008,franchise-hockey-manager-2014,0
1009,frankenstein-master-of-death,0
1010,freaking-meatbags,1
Soundrack/Skin/Bonus,0
Soundrack/Skin/Bonus,0
1013,freedom-planet,0
1014,from-dust,0
1015,front-mission-evolved,1
1016,frontline-tactics,1
1017,frozen-free-fall-snowball-fight,0
1018,frozen-hearth,0
1019,frozen-synapse,1
1020,frozen-synapse-prime,1
1021,full-mojo-rampage,1
1022,full-spectrum-warrior,1
1023,full-spectrum-warrior-ten-hammers,0
1024,fuse,1
1025,galak-z-the-dimensional,1
1026,gasp,0
Soundrack/Skin/Bonus,0
1028,gearcrack-arena,0
1029,grav,1
1030,grid,0
1031,grid-2,0
Soundrack/Skin/Bonus,0
1033,grid-autosport,1
Soundrack/Skin/Bonus,0
Soundrack/Skin/Bonus,0
1036,gtr-evolution,1
1037,guilty-gear-xx-accent-core-plus-r,0
1038,galactic-civilizations-i-ultimate-edition,0
1039,galactic-civilizations-ii-ultimate-edition,0
1040,galactic-civilizations-iii,0
Soundrack/Skin/Bonus,0
1042,galaxy-on-fire-2-full-hd--1,0
1043,galcon-2,0
1044,galcon-fusion,0
1045,galcon-legends,0
Soundrack/Skin/Bonus,0
1047,game-dev-tycoon,0
1048,game-of-thrones,0
1049,game-of-thrones-a-telltale-games-series,0
1050,gameguru,0
Soundrack/Skin/Bonus,0
Soundrack/Skin/Bonus,0
Soundrack/Skin/Bonus,0
1054,games-of-glory,1
1055,gang-beasts,0
1056,garden-rescue,0
1057,garry-s-mod,0
1058,gary-grigsbys-war-in-the-east,0
1059,gas-guzzlers-extreme,1
1060,gateways,0
1061,gauntlet--3,0
1062,gear-up,1
1063,gemini-rue,0
1064,gems-of-war,1
1065,genesis-online,1
1066,genesis-rising,0
1067,geometry-dash,0
Soundrack/Skin/Bonus,0
1069,get-off-my-lawn,1
1070,ghost-encounters-deadwood-collectors-edition,0
1071,ghost-master,0
1072,ghostbusters-the-video-game--1,0
1073,giana-sisters-twisted-dreams,0
1074,giana-sisters-twisted-dreams-rise-of-the-owlverlord--1,0
1075,gigantic-army,1
1076,gish,0
1077,gladiators-online-death-before-dishonor,0
1078,global-agenda,1
Soundrack/Skin/Bonus,0
Soundrack/Skin/Bonus,0
1081,gnomoria,0
1082,goat-simulator--1,0
1083,goats-on-a-bridge,0
1084,god-mode,1
1085,gods-will-be-watching,0
1086,godus,1
Soundrack/Skin/Bonus,0
1088,gold-rush-classic,0
1089,golden-rush,0
1090,gomo,0
1091,gone-home,0
1092,goocubelets,0
1093,goodbye-deponia,0
1094,gorky-17,0
1095,gotham-city-impostors,1
Soundrack/Skin/Bonus,0
1097,gothic,0
1098,gothic-3,0
1099,gothic-ii-gold-edition,0
1100,grand-ages-medieval,0
1101,grand-ages-rome,0
1102,grand-chase--1,0
1103,grand-theft-auto--1,0
1104,grand-theft-auto-2,1
1105,grand-theft-auto-episodes-from-liberty-city,0
1106,grand-theft-auto-iii,1
1107,grand-theft-auto-iv,1
1108,grand-theft-auto-san-andreas,1
1109,grand-theft-auto-v,1
1110,grand-theft-auto-vice-city--1,0
1111,gratuitous-space-battles,0
1112,gratuitous-tank-battles,0
1113,gravi,0
1114,gravilon,0
1115,gravity-ghost,0
1116,great-permutator,0
1117,greed-corp,0
1118,grey-goo,0
1119,grey-goo-emergence-campaign,0
Soundrack/Skin/Bonus,0
Soundrack/Skin/Bonus,0
1122,greyfox,0
1123,grim-dawn,0
1124,grim-fandango-remastered,0
1125,grim-legends-2-song-of-the-dark-swan,0
1126,grim-legends-the-forsaken-bride,0
1127,grimm,0
1128,grimoire-manastorm,1
1129,grotesque-tactics-2-dungeons-and-donuts--1,0
1130,grotesque-tactics-evil-heroes--1,0
1131,grow-home,0
1132,guacamelee-gold-edition,0
1133,guardians-of-middle-earth,1
1134,guild-wars,1
1135,guild-wars-nightfall,1
1136,guild-wars-trilogy,0
1137,guild-of-dungeoneering,0
1138,guilty-gear-x2-number-reload,0
1139,gun-metal,1
1140,gun-monkeys,1
1141,gunz-2-the-second-duel,1
1142,guncraft,1
1143,gunman-clive,1
1144,gunman-clive-2,1
1145,gunpoint,0
1146,guns-and-robots,1
1147,guns-of-icarus-online,1
1148,h1z1,1
Soundrack/Skin/Bonus,0
1150,hawken,1
Soundrack/Skin/Bonus,0
1152,helldivers,1
1153,his-heroes-in-the-sky,0
1154,hit,0
1155,hoard,1
Soundrack/Skin/Bonus,0
1157,hack-n-slash,0
1158,hack-slash-loot,0
1159,hacker-evolution,0
1160,hacker-evolution-untold,0
1161,half-minute-hero-super-mega-neo-climax-ultimate-boy,1
1162,half-minute-hero-the-second-coming,0
1163,half-life,1
1164,half-life-2,1
1165,half-life-2-deathmatch,1
1166,half-life-2-episode-one,1
1167,half-life-2-episode-two,1
1168,half-life-2-lost-coast,1
1169,half-life-2-update,1
1170,half-life-blue-shift,1
Soundrack/Skin/Bonus,0
1172,half-life-opposing-force,1
1173,half-life-source,1
1174,halfway--1,0
1175,halo-spartan-assault,1
1176,hamlet-or-the-last-game-without-mmorpg-features-shaders-and-product-placement,1
1177,hammer-heads-deluxe,0
1178,hammerfight,0
1179,hammerwatch,1
1180,hand-of-fate,0
1181,happy-wars,1
1182,hard-reset,1
Soundrack/Skin/Bonus,0
1184,hate-plus,0
1185,hatoful-boyfriend,0
1186,haunted-memories,0
1187,hazard-ops,0
Soundrack/Skin/Bonus,0
Soundrack/Skin/Bonus,0
1190,hexen-ii,1
1191,hearts-of-iron-iii,0
Soundrack/Skin/Bonus,0
1193,heavy-fire-afghanistan,1
1194,heavy-weapon-deluxe,0
1195,hector-badge-of-carnage-episode-1,0
1196,hector-badge-of-carnage-episode-2,0
1197,hector-badge-of-carnage-episode-3,0
1198,hegemony-gold-wars-of-ancient-greece,0
1199,hegemony-iii-clash-of-the-ancients,0
1200,heli-heroes,0
1201,helicopter-simulator-2014-search-and-rescue,0
1202,hell-yeah-wrath-of-the-dead-rabbit,0
1203,helldorado,0
1204,her-story,0
1205,heretic-shadow-of-the-serpent-riders,1
1206,hero-academy,0
1207,hero-siege,0
1208,hero-siege-gates-of-valhalla-collectors-edition,0
1209,hero-siege-wrath-of-mevius-digital-collectors-edition,0
1210,heroes-generals,1
1211,heroes-of-hellas-3-athens,0
1212,heroes-of-might-and-magic-iii-hd-edition--1,0
1213,heroes-of-might-and-magic-v,0
1214,heroes-of-scene,0
1215,heroes-of-a-broken-land,0
1216,hidden-object-bundle-4-in-1,0
1217,hidden-object-bundle-5-in-1,0
1218,hitman-2-silent-assassin,1
1219,hitman-absolution,1
1220,hitman-blood-money,1
1221,hitman-codename-47,1
1222,hitman-contracts,1
1223,hitman-sniper-challenge,1
1224,holy-avatar-vs-maidens-of-the-dead,0
1225,holy-potatoes-a-weapon-shop,0
1226,home,0
1227,homefront,1
1228,homeworld-remastered-collection,0
1229,horizon--1,0
1230,hospital-tycoon--1,0
1231,hostile-waters-antaeus-rising,0
1232,hotline-miami,1
1233,hotline-miami-2-wrong-number,1
Soundrack/Skin/Bonus,0
1235,how-to-survive,0
1236,humanity-asset,0
1237,huniepop,0
Soundrack/Skin/Bonus,0
Soundrack/Skin/Bonus,0
1240,hunted-the-demon-s-forge,1
1241,hunting-unlimited-2010,0
1242,hurtworld,1
1243,hydrophobia-prophecy,1
1244,hyper-fighters,1
1245,hyperdimension-neptunia-re-birth1,0
1246,hyperdimension-neptunia-re-birth2-sisters-generation,0
1247,i-have-no-mouth-and-i-must-scream,0
1248,i-am-bread,0
1249,il-2-sturmovik-battle-of-stalingrad--1,0
1250,il-2-sturmovik-cliffs-of-dover,0
1251,ink--1,0
Soundrack/Skin/Bonus,0
Soundrack/Skin/Bonus,0
1254,icewind-dale-enhanced-edition,0
1255,ichi,0
1256,iggle-pop-deluxe,0
1257,ikaruga--1,1
1258,imagine-me,0
1259,immune,0
1260,imperium-romanum-gold-edition,0
1261,impire,0
1262,incredipede,0
1263,indiana-jones-and-the-fate-of-atlantis--1,0
1264,indiana-jones-and-the-last-crusade,0
Soundrack/Skin/Bonus,0
1266,indigo-prophecy,0
1267,infestation-survivor-stories,1
1268,infested-planet,0
1269,infinite-crisis,1
1270,infinity-wars-animated-trading-card-game,0
1271,influent,0
Soundrack/Skin/Bonus,0
Soundrack/Skin/Bonus,0
1274,injustice-gods-among-us-ultimate-edition,0
1275,insanely-twisted-shadow-planet,1
1276,insaniquarium,1
1277,insecticide-part-1,0
1278,insurgency--1,0
1279,insurgency-modern-infantry-combat,1
1280,intergalactic-bubbles,0
1281,interplanetary,0
1282,interstellar-marines,1
1283,intrusion-2,1
1284,invisible-apartment,0
1285,invisible-inc,0
Soundrack/Skin/Bonus,0
1287,iron-brigade,1
1288,iron-front-liberation-1944-d-day,0
1289,iron-grip-warlord,1
1290,iron-sky-invasion,0
1291,ironclad-tactics,0
1292,isaac-the-adventurer,0
1293,ittle-dew,0
1294,jack-lumber,0
1295,jack-orlando-directors-cut,0
1296,jade-empire-special-edition,0
1297,jagged-alliance-back-in-action,0
1298,jagged-alliance-2-wildfire,0
1299,jagged-alliance-online,1
1300,jagged-alliance-online-reloaded-raven,0
1301,jamestown-legend-of-the-lost-colony,1
1302,jazzpunk,0
1303,jet-set-radio,0
1304,jigoku-kisetsukan-sense-of-the-seasons,1
1305,joe-danger-2-the-movie,1
1306,jolly-rover,0
Soundrack/Skin/Bonus,0
1308,jurassic-park-the-game,0
1309,just-cause,1
1310,just-cause-2,1
1311,just-cause-2-multiplayer-mod,0
1312,just-cause-3,0
1313,kami,0
1314,kamui--1,1
1315,kholat,0
1316,kairo,0
1317,kane-lynch-2-dog-days,1
1318,kane-lynch-dead-men,1
1319,karos,0
1320,kenshi,0
1321,kentucky-route-zero,0
1322,kerbal-space-program,0
1323,kickbeat,0
1324,kidnapped--1,0
1325,kill-the-bad-guy,0
1326,killer-is-dead,0
1327,killing-floor,1
1328,killing-floor-toy-master,1
1329,killing-floor-2,1
Soundrack/Skin/Bonus,0
Soundrack/Skin/Bonus,0
1332,king-arthur-the-role-playing-wargame,0
1333,king-arthur-collection,0
Soundrack/Skin/Bonus,0
1335,king-arthur-the-druids,0
1336,king-arthur-the-saxons,0
1337,king-arthur-s-gold,0
1338,king-s-bounty-armored-princess,0
1339,king-s-bounty-crossworlds,0
1340,kings-bounty-dark-side,0
1341,king-s-bounty-the-legend,0
1342,kings-bounty-warriors-of-the-north,0
1343,kings-quest-chapter-1-a-knight-to-remember,0
1344,kingdom-classic--1,0
1345,kingdom-rush,0
1346,kingdom-tales-2,0
1347,kingdom-wars,0
1348,kingdoms-ccg,0
1349,kingdoms-of-amalur-reckoning,0
Soundrack/Skin/Bonus,0
1351,knightshift,0
1352,knights-and-merchants-the-shattered-kingdom,0
1353,knights-of-pen-and-paper-plus-1-edition,0
1354,knock-knock,0
1355,krater-shadows-over-solside,0
1356,krosmaster-arena,0
1357,ku-shroud-of-the-morrigan,0
1358,kung-fu-strike-the-warriors-rise,0
1359,kung-fu-fury,0
1360,kung-fury-street-rage,0
1361,la-noire,1
1362,lego-batman-2-dc-super-heroes,0
1363,lego-batman-3-beyond-gotham,0
1364,lego-batman-the-video-game,0
1365,lego-harry-potter-years-5-7,0
1366,lego-jurassic-world,0
1367,lego-marvel-super-heroes,0
1368,lego-the-hobbit,0
1369,lego-the-lord-of-the-rings,0
1370,lego-worlds,0
1371,lightning-returns-final-fantasy-xiii,0
1372,limbo,0
1373,lisa,0
1374,lisa-the-joyful,0
1375,luftrausers,0
1376,lyne,0
1377,la-tale,1
1378,la-mulana--2,0
1379,labyrinthine-dreams,0
1380,labyronia-rpg,0
1381,lambda-wars,0
1382,landmark,0
1383,lara-croft-and-the-guardian-of-light,1
1384,last-word,0
1385,lead-and-gold-gangs-of-the-wild-west,1
1386,left-4-dead,1
1387,left-4-dead-2,1
1388,left-in-the-dark-no-one-on-board,0
1389,legacy-of-kain-defiance,0
1390,legacy-of-kain-soul-reaver,0
1391,legacy-of-kain-soul-reaver-2,0
1392,legend-of-dungeon,0
1393,legend-of-grimrock,0
1394,legend-of-grimrock-2,0
1395,legend-of-mysteria,0
1396,legendary,1
1397,legends-of-aethereus,0
1398,legends-of-persia,0
1399,legionwood-2-rise-of-the-eternals-realm,0
1400,lego-harry-potter-years-1-4,0
1401,lego-star-wars-iii-the-clone-wars,0
1402,lego-star-wars-the-complete-saga--1,0
1403,let-the-cat-in,0
1404,leviathan-the-last-day-of-the-decade,0
1405,leviathan-warships,0
1406,lichdom-battlemage,1
1407,life-is-strange,0
1408,life-is-feudal-your-own,0
1409,lightfish,0
1410,lili-child-of-geos,0
1411,lilly-and-sasha-curse-of-the-immortals,0
1412,lilly-and-sasha-guardian-angels,0
1413,lilly-and-sasha-nexus-of-souls,0
1414,litil-divil,0
1415,twinsens-little-big-adventure-2-classic,0
1416,little-inferno,0
1417,little-racers-street,0
1418,loadout,1
1419,loadout,1
1420,london-2012-the-official-video-game,0
1421,lone-survivor-the-directors-cut,0
1422,long-live-the-queen,0
1423,loom,0
1424,the-lords-of-the-fallen--1,0
1425,lords-of-the-black-sun,0
1426,lost-lands-a-hidden-object-adventure,0
1427,lost-planet-2,1
1428,lost-planet-3,1
1429,lost-planet-extreme-condition,1
Soundrack/Skin/Bonus,0
1431,love--2,0
1432,lucid--1,0
1433,lucius,0
1434,lugaru-hd,0
1435,lume,0
1436,luxuria-superbia,0
1437,mud-tv,0
1438,massive-chalice,0
1439,medieval-total-war-gold-edition,0
1440,metal-gear-rising-revengeance,1
1441,metal-gear-solid-v-ground-zeroes,1
1442,metal-gear-solid-v-the-phantom-pain,1
1443,metal-slug-3,1
1444,metal-slug-defense,0
1445,metal-slug-x--1,0
1446,murdered-soul-suspect,0
1447,muri,0
1448,mx-vs-atv-reflex,1
1449,mabinogi,1
1450,macguffins-curse,0
1451,machinarium,0
1452,mad-max-7d2a08e9-7426-428c-a1dc-de266c700342,0
1453,mafia,1
1454,mafia-ii,1
Soundrack/Skin/Bonus,0
1456,magic-the-gathering-duels-of-the-planeswalkers-2015,1
1457,magic-barrage-bitferno,0
1458,magic-duels,1
1459,magic-the-gathering-duels-of-the-planeswalkers-2012,0
1460,magic-the-gathering-tactics,0
1461,magic-the-gathering-duels-of-the-planeswalkers,0
1462,magic-the-gathering-duels-of-the-planeswalkers-2013,0
1463,magical-battle-festa,0
1464,magicite,0
1465,magicka,1
1466,magicka-2,0
1467,magicka-final-frontier,0
1468,magicka-frozen-lake,0
Soundrack/Skin/Bonus,0
1470,magicka-nippon,0
1471,magicka-party-robes,0
1472,magicka-the-watchtower,0
1473,magicka-vietnam,0
1474,magicka-wizard-wars,1
1475,magicka-wizards-survival-kit,0
1476,magrunner-dark-pulse,1
1477,maia,0
1478,majesty-2-the-fantasy-kingdom-sim--1,0
1479,majesty-2-collection,0
1480,manhole,0
1481,maplestory,1
1482,marble-mayhem-fragile-ball,0
1483,march-of-war,1
1484,march-of-the-eagles,0
1485,mare-nostrum,0
1486,marine-sharpshooter-ii-jungle-warfare,0
1487,mark-of-the-ninja,0
1488,mark-of-the-ninja-special-edition-dlc,0
1489,marlow-briggs-and-the-mask-of-death,0
1490,mars-war-logs,0
1491,marvel-heroes-2016,1
1492,marvel-puzzle-quest,0
1493,mass-effect--1,0
1494,mass-effect-2,1
1495,master-levels-for-doom-ii,1
1496,mata-hari,0
1497,max-gentlemen,0
1498,max-payne--1,1
1499,max-payne-2-the-fall-of-max-payne,1
1500,max-payne-3,1
Soundrack/Skin/Bonus,0
1502,mcpixel,0
1503,mechwarrior-online,0
1504,mechanic-escape,0
1505,medal-of-honor-airborne,1
Soundrack/Skin/Bonus,0
1507,medal-of-honor-warfighter,1
1508,medal-of-honor,1
1509,medieval-engineers,0
Soundrack/Skin/Bonus,0
Soundrack/Skin/Bonus,0
1512,megabyte-punch,0
Soundrack/Skin/Bonus,0
1514,meltdown--1,1
1515,memoir-44-online,0
1516,memories-of-a-vagabond,0
1517,men-of-war,0
1518,men-of-war-assault-squad,0
1519,men-of-war-assault-squad-2,0
1520,men-of-war-condemned-heroes,0
1521,men-of-war-red-tide,0
1522,men-of-war-vietnam,0
1523,mercenary-kings,1
1524,merchants-of-kaidan,0
1525,meridian-new-world,0
1526,metal-gear-solid-the-legacy-collection,0
1527,metal-reaper-online,1
1528,metal-war-online-retribution,0
1529,metaverse-construction-kit,0
1530,metro-2033,1
1531,metro-2033-redux,1
1532,metro-conflict,1
1533,metro-last-light,1
1534,metro-last-light-redux,1
1535,miasmata,0
1536,microvolts-surge,1
1537,microsoft-flight-simulator-x-steam-edition,0
1538,middle-earth-shadow-of-mordor,0
1539,midnight-club-ii,0
1540,might-and-magic-clash-of-heroes,0
1541,might-and-magic-duel-of-champions,0
Soundrack/Skin/Bonus,0
1543,might-magic-heroes-vi,0
1544,might-magic-heroes-vii,0
1545,might-and-magic-x-legacy--1,0
1546,mind-path-to-thalamus-enhanced-edition,0
1547,minecraft-story-mode,0
1548,mini-motor-racing-evo,0
1549,mini-ninjas,0
1550,minimum,1
1551,mirror-s-edge,1
1552,miscreated,1
1553,mishap-an-accidental-haunting,0
1554,missing-translation,0
1555,mission-control-nanomech,0
1556,mitos-dot-is-the-game,0
1557,mitsurugi-kamui-hikae,0
1558,mow-face-off-m,0
1559,modular-combat,1
1560,monaco,0
1561,monday-night-combat,1
1562,monkey-island-2-special-edition-lechuck-s-revenge,0
1563,moon-breakers,1
1564,moonbase-alpha,1
1565,moonrise,0
Soundrack/Skin/Bonus,0
1567,morphopolis,0
1568,mortal-kombat-kollection,0
Soundrack/Skin/Bonus,0
Soundrack/Skin/Bonus,0
Soundrack/Skin/Bonus,0
Soundrack/Skin/Bonus,0
Soundrack/Skin/Bonus,0
Soundrack/Skin/Bonus,0
Soundrack/Skin/Bonus,0
Soundrack/Skin/Bonus,0
1577,mortal-kombat-x,0
1578,mortal-online,0
1579,motogp-14--1,0
Soundrack/Skin/Bonus,0
1581,mount-blade,1
1582,mount-blade-warband,1
1583,mount-and-blade-warband-napoleonic-wars,1
1584,mount-and-blade-warband-viking-conquest-reforged-edition,0
1585,mount-and-blade-with-fire-and-sword,0
1586,mount-your-friends,0
1587,mountain,0
1588,mountain-crime-requital,0
1589,multiwinia-survival-of-the-flattest,0
1590,munin,0
1591,murder-miners,1
1592,mushroom-11,0
1593,mutant-mudds-deluxe,0
Soundrack/Skin/Bonus,0
1595,myst-masterpiece-edition,0
1596,myst-v-end-of-ages,0
1597,mystery-p-dot-i-the-lottery-ticket,0
1598,mystery-pi-the-new-york-fortune,0
1599,mystery-pi-the-vegas-heist,0
1600,mystery-of-neuschwanstein,0
1601,slash-slash-n-dot-p-p-dot-d-rush-slash-slash-the-milk-of-ultraviolet,1
1602,naruto-shippuden-ultimate-ninja-storm-3-full-burst,1
1603,naruto-shippuden-ultimate-ninja-storm-revolution,0
1604,nascar-14,0
1605,nascar-15,0
1606,nba-2k14,0
1607,nba-2k15,1
1608,nba-2k16,0
1609,nba-2k9,1
1610,neo-scavenger,0
1611,neotokyo,1
1612,nobunagas-ambition-sphere-of-influence,0
1613,not-a-hero,1
1614,nail-d,0
1615,naissancee,0
1616,namariel-legends-iron-lord-premium-edition,0
1617,nancy-drew-danger-on-deception-island,0
1618,nancy-drew-last-train-to-blue-moon-canyon,0
1619,nancy-drew-ransom-of-the-seven-ships,0
1620,nancy-drew-shadow-at-the-waters-edge,0
1621,nancy-drew-tomb-of-the-lost-queen,0
1622,nancy-drew-warnings-at-waverly-academy,0
1623,napoleon-total-war,0
1624,narcissu-1st-and-2nd,0
1625,nation-red,1
1626,natural-selection-2,1
1627,navy-field-2-conqueror-of-the-ocean,0
1628,need-for-speed-hot-pursuit,1
1629,need-for-speed-shift,1
1630,need-for-speed-undercover,0
1631,neighbours-from-hell--1,0
1632,neighbours-from-hell-2-on-vacation,0
1633,nether,1
Soundrack/Skin/Bonus,0
Soundrack/Skin/Bonus,0
Soundrack/Skin/Bonus,0
1637,never-alone,0
Soundrack/Skin/Bonus,0
1639,neverending-nightmares,0
1640,neverwinter,1
1641,neverwinter-nights-2-platinum,0
1642,new-kind-of-adventure,0
Soundrack/Skin/Bonus,0
1644,wreckfest--1,0
1645,nexuiz,1
Soundrack/Skin/Bonus,0
Soundrack/Skin/Bonus,0
1648,nights-into-dreams-dot-dot-dot,0
1649,nidhogg,0
1650,night-mysteries-the-amphora-prisoner,0
1651,nightsky,1
Soundrack/Skin/Bonus,0
1653,nightmares-from-the-deep-3-davy-jones,0
1654,nightmares-from-the-deep-the-cursed-heart,0
1655,nihilumbra,0
1656,nikopol-secrets-of-the-immortals,0
1657,nimble-quest,0
1658,nimbus,0
1659,no-more-room-in-hell,1
1660,no-time-to-explain-remastered,0
1661,no-time-to-explain,1
1662,nobunagas-ambition-souzou-with-power-up-kit,0
1663,noir-syndrome,0
1664,pixeljunk-nom-nom-galaxy,0
1665,nosferatu-the-wrath-of-malachi,1
1666,nosgoth,1
1667,not-the-robots,0
Soundrack/Skin/Bonus,0
1669,nuclear-dawn,1
1670,nuclear-throne,1
1671,numen-contest-of-heroes,0
1672,nux,1
1673,orion-prelude,1
1674,obscure,0
1675,obulis,0
1676,oceanhorn-monster-of-uncharted-seas,0
1677,octodad-dadliest-catch,0
1678,oddworld-abe-s-exoddus,0
1679,oddworld-abe-s-oddysee,0
1680,oddworld-munchs-oddysee,0
1681,oddworld-new-n-tasty,0
1682,oddworld-strangers-wrath-hd,1
1683,of-orcs-and-men,0
1684,offspring-fling,0
1685,offworld-trading-company,0
Soundrack/Skin/Bonus,0
1687,oil-rush,0
1688,olliolli,0
1689,omerta-city-of-gangsters--1,0
Soundrack/Skin/Bonus,0
1691,omerta-damsel-in-distress,0
1692,omerta-city-of-gangsters-the-con-artist,0
1693,omerta-city-of-gangsters-the-japanese-incentive,0
1694,on-the-rain-slick-precipice-of-darkness-episode-one,0
1695,on-the-rain-slick-precipice-of-darkness-episode-two,0
1696,one-finger-death-punch,0
1697,one-manga-day,0
1698,one-way-heroics,1
1699,onimusha-3-demon-siege,0
1700,only-if,0
1701,oozi-earth-adventure,0
1702,operation-flashpoint-dragon-rising,1
1703,operation-flashpoint-red-river,1
1704,orbital-gear,1
1705,orborun,0
1706,orcs-must-die--1,1
1707,orcs-must-die-2,1
1708,order-of-war,0
1709,organ-trail-director-s-cut,0
1710,ori-and-the-blind-forest,0
Soundrack/Skin/Bonus,0
1712,osmos,0
1713,our-darker-purpose,0
Soundrack/Skin/Bonus,0
1715,out-there-somewhere,0
1716,out-of-the-park-baseball-14,0
1717,out-of-the-park-baseball-15,0
1718,outland,1
1719,outlast,0
1720,outlast-whistleblower,0
1721,overcast-walden-and-the-werewolf,1
1722,overgrowth,0
1723,overlord--4,0
1724,overlord-ii,0
1725,overlord-raising-hell,0
1726,overture,0
1727,pac-man-championship-edition-dx-plus,0
1728,particle-mace,0
1729,payday-2,1
1730,payday-the-heist,1
Soundrack/Skin/Bonus,0
Soundrack/Skin/Bonus,0
Soundrack/Skin/Bonus,0
1734,pc-building-simulator-republic-of-gamers-workshop,0
1735,postal,1
1736,postal-2,1
1737,prototype-2,0
1738,painkiller-black-edition,1
1739,painkiller-hell-damnation,1
Soundrack/Skin/Bonus,0
Soundrack/Skin/Bonus,0
1742,painkiller-overdose,1
1743,painkiller-recurring-evil,1
1744,painkiller-redemption,1
1745,painkiller-resurrection,1
1746,pajama-sam-in-no-need-to-hide-when-it-s-dark-outside,0
1747,pandora-saga-weapons-of-balance,1
1748,panzar,1
1749,panzer-corps,0
1750,paper-sorcerer,0
1751,papers-please,0
1752,papo-yo,0
1753,particula,0
1754,party-of-sin,0
1755,passing-pineview-forest,0
Soundrack/Skin/Bonus,0
1757,path-of-exile,1
1758,patrician-iii-rise-of-the-hanse,0
1759,patrician-iv-rise-of-a-dynasty,0
1760,patrician-iv-steam-special-edition,0
1761,peggle-deluxe,0
1762,peggle-nights,0
1763,penguins-arena-sednas-world,1
1764,on-the-rain-slick-precipice-of-darkness-episode-three,0
1765,on-the-rain-slick-precipice-of-darkness-episode-four,0
1766,penumbra-black-plague,0
1767,penumbra-overture,0
1768,penumbra-requiem,0
1769,perimeter-2-new-earth,0
1770,pewdiepie-legend-of-the-brofist,1
1771,phantom-breaker-battle-grounds,0
1772,pid,0
Soundrack/Skin/Bonus,0
1774,pier-solar-and-the-great-architects,0
1775,piercing-blow,0
1776,pillars-of-eternity,0
1777,pinball-arcade,0
1778,pinball-fx2,0
Soundrack/Skin/Bonus,0
Soundrack/Skin/Bonus,0
Soundrack/Skin/Bonus,0
Soundrack/Skin/Bonus,0
Soundrack/Skin/Bonus,0
1784,pirates-of-black-cove,0
Soundrack/Skin/Bonus,0
1786,pirates-vikings-and-knights-ii,1
Soundrack/Skin/Bonus,0
1788,pixel-piracy,0
1789,pixel-puzzles-japan,0
1790,pixel-space,0
1791,pixeljunk-eden,0
1792,pixeljunk-monsters-ultimate,0
1793,pixeljunk-shooter,1
1794,pizza-frenzy,0
1795,plague-inc-evolved,0
1796,plain-sight,0
1797,planet-explorers,0
1798,planetside-2,1
1799,planetary-annihilation,0
1800,planetary-annihilation-titans,0
1801,planets-under-attack,0
1802,plants-vs-zombies,1
1803,platformines,0
1804,platypus-ii,0
1805,plug-and-play,0
1806,poker-night-2,0
1807,poker-night-at-the-inventory,0
1808,polarity,0
1809,poly-bridge,0
1810,pongo,0
1811,pool-nation,0
1812,port-royale-3-pirates-merchants,0
1813,port-of-call,0
1814,portal--1,0
1815,portal-2,1
Soundrack/Skin/Bonus,0
1817,portal-2-sixense-perceptual-pack,0
1818,portal-stories-mel,0
1819,portal-of-evil-stolen-runes-collectors-edition,0
1820,post-apocalyptic-mayhem,0
1821,potatoman-seeks-the-troof,0
1822,pound-of-ground,1
1823,pox-nora,1
1824,pressure--1,1
1825,pressured,0
1826,prey--1,1
1827,primal-carnage,1
1828,primal-carnage-extinction,1
1829,prime-world,1
1830,prime-world-defenders,0
1831,primordia,0
1832,prince-of-persia--2,0
1833,prince-of-persia-the-forgotten-sands--1,0
1834,prince-of-persia-the-sands-of-time,0
1835,prince-of-persia-the-two-thrones,0
1836,prince-of-persia-warrior-within,0
1837,prison-architect,0
1838,pro-cycling-manager-2015,0
1839,pro-evolution-soccer-2015,0
1840,project-aura--1,0
1841,project-aftermath,0
1842,project-cars,0
1843,project-cars-modified-car-pack,0
1844,project-temporality,0
1845,project-zomboid,0
1846,proteus,0
1847,protogalaxy,1
1848,prototype--1,0
1849,prototype-2-radnet-edition,0
1850,psychonauts,0
Soundrack/Skin/Bonus,0
1852,pulut-adventure,0
1853,puzzle-agent,0
1854,puzzle-agent-2,0
1855,puzzle-bots,0
1856,puzzle-dimension,0
1857,puzzle-pirates,1
1858,puzzle-quest-challenge-of-the-warlords,0
1859,puzzle-station-15th-anniversary-retro-release,0
1860,puzzler-world-2,0
1861,pyramid-raid,0
1862,pyroblazer,0
1863,q-dot-u-b-dot-e-directors-cut,0
1864,q-u-b-e,0
1865,quake--1,1
1866,quake-4,1
1867,quake-ii,1
1868,quake-ii-mission-pack-ground-zero--1,1
1869,quake-ii-mission-pack-the-reckoning--1,1
1870,quake-iii-arena,1
1871,quake-iii-team-arena,1
1872,quake-live,1
1873,quake-mission-pack-1-scourge-of-armagon--1,1
1874,quake-mission-pack-2-dissolution-of-eternity--1,1
1875,quantum-conundrum,0
1876,quantum-rush-online,0
1877,questrun,0
1878,questerium-sinister-trinity-hd-collectors-edition,0
1879,quick-slick-deadly,0
1880,quintet,0
Soundrack/Skin/Bonus,0
1882,ruse,0
1883,race-07,1
Soundrack/Skin/Bonus,0
1885,race-caterham,0
1886,race-on,1
1887,radical-roach-remastered,0
1888,rage,1
1889,r-dot-a-w-realms-of-ancient-war,0
1890,revolver360-re-actor,1
1891,ride-game,0
1892,rift--1,0
1893,rip,0
1894,rip-2-strike-back,0
1895,rip-3-the-last-hero,1
1896,risk-factions,0
1897,rocketsrocketsrockets,1
1898,ronin,0
1899,rose-online,1
1900,rpg-mo,1
1901,rpg-maker-2003,0
Soundrack/Skin/Bonus,0
Soundrack/Skin/Bonus,0
Soundrack/Skin/Bonus,0
1905,rpg-maker-luna-engine,0
Soundrack/Skin/Bonus,0
Soundrack/Skin/Bonus,0
Soundrack/Skin/Bonus,0
Soundrack/Skin/Bonus,0
1910,rpg-maker-vx-ace,0
1911,rpg-maker-xp,0
Soundrack/Skin/Bonus,0
1913,rpg-tycoon,0
1914,running-with-rifles,1
1915,rush--3,0
1916,rabbit-hole-3d-steam-edition,0
1917,race-the-sun,0
1918,race-the-wtcc-game,0
1919,raceroom-racing-experience,0
1920,racer-8,0
1921,ragnarok-violet,0
1922,ragnarok-online-2,1
1923,raiderz,1
1924,railroad-tycoon-ii-platinum,0
1925,railroad-tycoon-3,0
1926,rampage-knights,0
1927,randals-monday,0
1928,ravaged-zombie-apocalypse,1
1929,ravensword-shadowlands,0
1930,rayman-legends--1,0
1931,rayman-origins,0
1932,really-big-sky--1,1
1933,realm-of-the-mad-god,1
1934,realms-of-the-haunting,1
1935,reassembly,0
1936,rebel-galaxy,0
1937,rebuild-3-gangs-of-deadsville,0
1938,rebuild-gangs-of-deadsville,0
1939,receiver,1
1940,recettear-an-item-shops-tale,0
Soundrack/Skin/Bonus,0
1942,red-faction,1
1943,red-faction-armageddon,1
Soundrack/Skin/Bonus,0
1945,red-faction-guerrilla-steam-edition,1
1946,red-faction-ii,1
1947,red-orchestra-2-heroes-of-stalingrad,1
1948,red-orchestra-ostfront-41-45,1
1949,redshirt,0
1950,reflex--1,1
1951,regimental-chess,0
1952,reign-of-kings,0
1953,relic-hunters-zero,1
1954,remember-me,0
1955,remnants-of-isolation,0
1956,renaissance-heroes,1
1957,renegade-ops,1
1958,renowned-explorers-international-society,0
1959,reprisal-universe,0
Soundrack/Skin/Bonus,0
1961,requiem--2,1
1962,rescue-team-5,0
1963,resident-evil,0
1964,resident-evil-5,1
1965,resident-evil-6,1
Soundrack/Skin/Bonus,0
1967,resident-evil-operation-raccoon-city,1
1968,resident-evil-revelations,1
1969,resident-evil-revelations-2,1
1970,restaurant-empire-ii,0
1971,retro-city-rampage-dx,1
1972,retro-game-crunch,0
1973,retrovirus,1
1974,return-to-castle-wolfenstein,1
1975,return-to-mysterious-island-2,0
1976,reus,0
1977,revenge-of-the-titans,0
1978,reverse-crawl,0
1979,reversion-the-escape-1st-chapter--1,0
1980,reversion-the-meeting,0
1981,revolution-ace,1
1982,rhythm-zone,0
1983,ricochet,1
1984,ridge-racer-unbounded,0
Soundrack/Skin/Bonus,0
1986,rifts-cave,0
1987,rign-roll-cut-throat-highway,0
1988,rime-berta,0
1989,rise-of-flight-united,0
1990,rise-of-incarnates,0
1991,rise-of-nations-extended-edition,0
1992,rise-of-the-argonauts,0
1993,rise-of-the-triad,1
1994,risen,0
1995,risen-2-dark-waters,0
1996,risen-3-titan-lords,0
1997,rising-angels-reborn,0
1998,rising-storm-slash-red-orchestra-2-multiplayer,0
1999,risk-of-rain,0
2000,rivals-of-aether,1
2001,riven,0
2002,road-redemption,1
2003,robin-hood--3,0
2004,roboblitz,0
2005,robocraft,1
2006,robot-rescue-revolution,0
2007,robot-roller-derby-disco-dodgeball,1
2008,robotex,0
2009,rochard,0
2010,rock-of-ages,1
2011,rocket-league,1
2012,rocket-mania-deluxe,0
2013,rocketbirds-hardboiled-chicken,1
2014,rocksmith,0
2015,rocksmith-2014,0
2016,rodina,0
2017,rogue-legacy,0
2018,rogue-shooter-the-fps-roguelike,1
2019,rogue-warrior,1
2020,roguelands,0
2021,rollercoaster-tycoon-2-triple-thrill-pack,0
2022,rollercoaster-tycoon-3-platinum,0
2023,rollercoaster-tycoon-deluxe,0
2024,rollers-of-the-realm,0
2025,rome-total-war,0
2026,rome-total-war-alexander,0
2027,roogoo,0
2028,royal-quest,1
2029,run-and-fire,0
2030,runaway-a-road-adventure,0
2031,runaway-3-a-twist-of-fate,0
2032,runaway-2-the-dream-of-the-turtle,0
2033,rush-bros,0
2034,rust,1
2035,rusty-hearts,1
2036,ruzh-delta-z,0
2037,ryse-son-of-rome,0
2038,skill-special-force-2,1
2039,s-dot-t-a-dot-l-k-dot-e-r-dot-call-of-pripyat,1
2040,s-dot-t-a-dot-l-k-dot-e-r-dot-clear-sky,1
2041,s-t-a-l-k-e-r-shadow-of-chernobyl,1
2042,satazius,1
2043,sega-bass-fishing,0
Soundrack/Skin/Bonus,0
2045,shogun-total-war-gold-edition,0
2046,smite,1
2047,snow--1,0
2048,soma--1,0
2049,sonic-the-hedgehog-4-episode-i,0
2050,sonic-the-hedgehog-4-episode-ii,1
2051,Not Found,404
2052,star-wars-knights-of-the-old-republic-ii-the-sith-lords,0
2053,starwhal,0
2054,stcc-2-the-game,0
2055,stcc-the-game,0
2056,storm-frontline-nation,0
2057,super-distro,0
2058,sacred-2-gold,0
2059,sacred-citadel,0
2060,sacred-gold,0
2061,saints-row-2--1,0
Soundrack/Skin/Bonus,0
2063,saints-row-iv,1
2064,saints-row-the-third,1
2065,saira,0
2066,sakura-clicker,0
2067,sakura-spirit--1,0
2068,salammbo-battle-for-carthage--1,0
2069,salvation-prophecy,1
2070,sam-and-max-save-the-world-episode-1-culture-shock,0
2071,sam-and-max-save-the-world-episode-2-situation-comedy,0
2072,sam-and-max-save-the-world-episode-3-the-mole-the-mob-and-the-meatball,0
2073,sam-and-max-save-the-world-episode-4-abe-lincoln-must-die,0
2074,sam-and-max-save-the-world-episode-5-reality-2-dot-0,0
2075,sam-and-max-save-the-world-episode-6-bright-side-of-the-moon,0
2076,sam-and-max-beyond-time-and-space-episode-1-ice-station-santa,0
2077,sam-and-max-beyond-time-and-space-episode-2-moai-better-blues,0
2078,sam-and-max-beyond-time-and-space-episode-3-night-of-the-raving-dead,0
2079,sam-and-max-beyond-time-and-space-episode-4-chariots-of-the-dogs,0
2080,sam-and-max-beyond-time-and-space-episode-5-whats-new-beelzebub,0
2081,sam-and-max-the-devils-playhouse-episode-1-the-penal-zone,0
2082,sam-and-max-the-devils-playhouse-episode-2-the-tomb-of-sammun-mak,0
2083,sam-and-max-the-devils-playhouse-episode-3-they-stole-maxs-brain,0
2084,sam-and-max-the-devils-playhouse-episode-4-beyond-the-alley-of-the-dolls,0
2085,sam-and-max-the-devils-playhouse-episode-5-the-city-that-dares-not-sleep,0
2086,samorost-2,0
2087,sanctuaryrpg-black-edition,0
2088,sanctum,1
2089,sanctum-2,1
2090,sang-froid-tales-of-werewolves,0
2091,satellite-reign,0
2092,savage-lands,0
2093,savant-ascent,1
2094,saviors,0
2095,school-of-dragons-how-to-train-your-dragon,0
2096,scoregasm,0
2097,scourge-outbreak,1
2098,scourge-outbreak-blindside,0
Soundrack/Skin/Bonus,0
2100,screencheat,1
2101,scribblenauts-unlimited,0
2102,scribblenauts-unmasked-a-dc-comics-adventure,0
2103,season-match-3-curse-of-the-witch-crow,0
2104,secret-files-tunguska,0
2105,secret-of-magia,0
2106,secret-of-the-magic-crystals,0
2107,secrets-of-grindea,0
Soundrack/Skin/Bonus,0
2109,section-8,1
2110,seduce-me-the-otome,0
2111,sengoku,0
2112,sentris,0
2113,septerra-core-legacy-of-the-creator,0
2114,serious-sam-ii,1
2115,serious-sam-3-bfe,1
2116,serious-sam-the-first-encounter,1
2117,serious-sam-the-second-encounter,1
2118,serious-sam-classics-revolution,1
2119,serious-sam-double-d-xxl,1
2120,serious-sam-hd-the-first-encounter,1
2121,serious-sam-hd-the-second-encounter,1
2122,serious-sam-the-random-encounter,1
2123,shadow-hunter,0
2124,shadow-puppeteer,0
2125,shadow-warrior,1
2126,shadow-warrior,1
2127,shadow-warrior-classic-redux,1
2128,shadowgrounds,1
2129,shadowgrounds-survivor,1
2130,shadowrun-dragonfall,0
2131,shadowrun-dragonfall-directors-cut,0
2132,shadowrun-hong-kong,0
2133,shadowrun-returns,0
2134,shadows-on-the-vatican-act-i-greed,0
2135,shank,0
2136,shank-2,1
2137,shantae-riskys-revenge-directors-cut,0
Soundrack/Skin/Bonus,0
2139,shatter--1,0
2140,shattered-planet,0
2141,shelter,0
2142,sheltered,0
2143,sherlock-holmes-crimes-punishments,0
2144,sherlock-holmes-nemesis,0
2145,need-for-speed-shift-2-unleashed,0
2146,ship-simulator-extremes,0
2147,shoot-many-robots,1
2148,shoppe-keep,0
2149,shovel-knight,0
2150,shower-with-your-dad-simulator-2015-do-you-still-shower-with-your-dad,0
2151,shufflepuck-cantina-deluxe-vr,0
2152,sin,1
2153,sin-episodes-emergence,1
2154,sin-multiplayer,1
2155,sid-meiers-ace-patrol,0
2156,sid-meiers-ace-patrol-pacific-skies,0
2157,sid-meiers-civilization-beyond-earth,1
Soundrack/Skin/Bonus,0
2159,sid-meiers-civilization-iii-complete,0
2160,sid-meier-s-civilization-iv,0
2161,sid-meier-s-civilization-iv-beyond-the-sword,0
2162,sid-meier-s-civilization-iv-colonization,0
2163,sid-meier-s-civilization-iv-warlords,0
2164,sid-meier-s-civilization-v,0
2165,sid-meier-s-civilization-v-brave-new-world,0
Soundrack/Skin/Bonus,0
2167,sid-meier-s-pirates,0
2168,sid-meiers-railroads,0
2169,sid-meiers-starships,0
2170,sideway-new-york,0
2171,sigils-of-elohim,0
2172,silent-hill-homecoming,0
2173,silver-creek-falls-chapter-1,0
2174,simcity-4-deluxe-edition,0
2175,simply-chess,0
2176,sine-mora,1
2177,singularity--1,0
2178,sinister-city,0
2179,sins-of-a-dark-age,1
2180,sins-of-a-solar-empire-rebellion,0
2181,sins-of-a-solar-empire-rebellion-stellar-phenomena,0
Soundrack/Skin/Bonus,0
Soundrack/Skin/Bonus,0
2184,sins-of-a-solar-empire-trinity,1
2185,sir-you-are-being-hunted,0
2186,skara-the-blade-remains,0
2187,skullgirls,0
Soundrack/Skin/Bonus,0
2189,skulls-of-the-shogun,1
2190,skydrift,0
2191,skyborn,0
Soundrack/Skin/Bonus,0
Soundrack/Skin/Bonus,0
2194,sledgehammer-slash-gear-grinder,0
2195,sleeping-dogs,1
2196,sleeping-dogs-definitive-edition,1
Soundrack/Skin/Bonus,0
2198,small-world-2,1
2199,smashball--1,0
2200,smashmuck-champions,1
2201,smugglers-5-invasion,0
2202,snapshot,0
2203,sniper-elite,1
2204,sniper-elite-iii,1
2205,sniper-elite-nazi-zombie-army,1
2206,sniper-elite-nazi-zombie-army-2,1
2207,sniper-elite-v2,1
2208,sniper-ghost-warrior--1,1
2209,sniper-ghost-warrior-2,1
Soundrack/Skin/Bonus,0
Soundrack/Skin/Bonus,0
2212,soccer-manager-2016,0
2213,sokobond,0
2214,sol-survivor,0
2215,solforge,0
2216,solar-2,0
2217,solar-flux,0
2218,soldier-front-2,1
2219,solstice-arena,1
2220,sometimes-success-requires-sacrifice,0
2221,sonic-all-stars-racing-transformed,0
2222,sonic-adventure-2,0
2223,sonic-adventure-2-battle--1,0
2224,sonic-adventure-dx-directors-cut,0
2225,sonic-cd,0
2226,sonic-generations--1,0
2227,sonic-and-sega-all-stars-racing,0
2228,sorcerer-king,0
2229,soul-gambler,0
2230,soundodger-plus,0
2231,the-filmmaker-a-text-adventure,0
2232,south-park-the-stick-of-truth,0
2233,south-park-the-stick-of-truth-super-samurai-spaceman-pack,0
2234,south-park-the-stick-of-truth-ultimate-fellowship-pack,0
2235,space-channel-5-part-2,0
2236,space-empires-iv-deluxe,0
2237,space-empires-v,0
2238,space-engineers,1
2239,space-hack,0
2240,space-hulk,1
2241,space-pirates-and-zombies,0
2242,space-rangers-hd-a-war-apart,0
2243,space-run,0
2244,spacechem,0
2245,spacebase-df-9,0
2246,spark-rising,1
2247,spartans-vs-zombies-defense,0
2248,spec-ops-the-line,1
2249,spectraball,0
2250,speed-kills,0
2251,speedrunners,0
2252,speedball-2-hd,0
2253,speedball-2-tournament,0
Soundrack/Skin/Bonus,0
2255,spellforce-2-gold-edition,0
2256,spelunky,0
2257,spelunx-and-the-caves-of-mr-seudo,0
2258,spermination,0
2259,sphere-iii-enchanted-world,0
2260,spintires,0
2261,spiral-knights,1
2262,spirits,0
2263,spookys-jump-scare-mansion,0
2264,spore,0
2265,spore-galactic-adventures,0
Soundrack/Skin/Bonus,0
Soundrack/Skin/Bonus,0
2268,squad,1
2269,squishy-the-suicidal-pig,0
2270,stacking,0
2271,star-chronicles-delta-quadrant,0
2272,star-conflict,1
2273,star-crusade-ccg,0
2274,star-ruler-2,0
2275,star-trek--2,0
2276,star-trek-d-a-c,1
2277,star-trek-online,1
2278,star-wars-battlefront-ii--1,1
2279,star-wars-jedi-knight-ii-jedi-outcast,1
2280,star-wars-jedi-knight-mysteries-of-the-sith,1
2281,star-wars-dark-forces,1
2282,star-wars-empire-at-war-gold-pack,0
2283,star-wars-jedi-knight-dark-forces-ii,1
2284,star-wars-jedi-knight-jedi-academy,1
2285,star-wars-knights-of-the-old-republic,0
2286,star-wars-republic-commando,1
2287,star-wars-starfighter,1
2288,star-wars-the-old-republic-galactic-starfighter,1
2289,star-wars-the-force-unleashed-ii,0
2290,star-wars-the-force-unleashed-ultimate-sith-edition,0
2291,stardrive--1,0
2292,stardrive-2,0
2293,starforge--1,0
2294,starmade,1
2295,starbound,0
Soundrack/Skin/Bonus,0
2297,starpoint-gemini,0
2298,starpoint-gemini-2,0
2299,starseed-pilgrim,0
2300,startopia,0
2301,state-of-decay,1
2302,state-of-decay-breakdown,1
2303,state-of-decay-lifeline,0
2304,stealth-bastard-deluxe,0
2305,stealth-inc-2-a-game-of-clones,0
2306,steam-marines,0
2307,steamworld-dig,0
2308,steel-and-steam-episode-1,0
2309,steel-ocean,0
2310,steel-storm-burning-retribution,1
2311,stellar-2d,0
2312,stick-it-to-the-man,0
2313,still-life,0
2314,stonerid,0
2315,storm-in-a-teacup,0
2316,stranded--1,0
2317,stranded-deep,0
2318,stranded-in-time,0
2319,street-fighter-iv,0
2320,street-racing-syndicate,0
2321,strider--1,0
2322,strife,1
2323,strike-suit-zero,1
2324,strike-suit-zero-directors-cut,1
2325,strike-vector,1
2326,strong-bads-cool-game-for-attractive-people-episode-1-homestar-ruiner--1,0
2327,strong-bads-cool-game-for-attractive-people-episode-2-strong-badia-the-free--1,0
2328,strong-bads-cool-game-for-attractive-people-episode-3-baddest-of-the-bands--1,0
2329,strong-bads-cool-game-for-attractive-people-episode-4-dangeresque-3-the-criminal-projective,0
2330,strong-bads-cool-game-for-attractive-people-episode-5-8-bit-is-enough--1,0
2331,stronghold-2,0
2332,stronghold-3,1
2333,stronghold-crusader-ii,1
2334,stronghold-crusader-extreme-hd,0
2335,stronghold-crusader-hd,0
2336,stronghold-hd,0
2337,stronghold-kingdoms,1
2338,stronghold-legends,0
2339,styx-master-of-shadows,0
2340,subnautica,0
2341,subspace-continuum,1
2342,sun-blast,0
2343,sunless-sea,0
Soundrack/Skin/Bonus,0
2345,sunrider-mask-of-arcadius,0
2346,super-amazing-wagon-adventure,1
2347,super-chibi-knight,0
2348,super-crate-box,1
2349,super-hexagon,0
2350,super-house-of-dead-ninjas,0
2351,super-killer-hornet-resurrection,0
2352,super-meat-boy,0
2353,super-monday-night-combat,1
2354,super-puzzle-platformer-deluxe,0
2355,super-splatters,0
2356,super-time-force-ultra,1
2357,superbrothers-sword-sworcery-ep,0
2358,superfrog-hd,0
2359,supreme-commander,0
2360,supreme-commander-2,1
2361,supreme-commander-2-infinite-war-battle-pack,0
2362,supreme-commander-forged-alliance,0
2363,supreme-ruler-ultimate,0
2364,surgeon-simulator-2013,0
2365,survarium,1
2366,survival-postapocalypse-now,0
2367,survivalist,0
2368,sweet-lily-dreams,0
2369,swipecart,0
2370,sword-of-the-stars-complete-collection,0
2371,sword-of-the-stars-ii-enhanced-edition,0
2372,sword-of-the-stars-the-pit,0
2373,sword-of-the-stars-the-pit-mind-games,0
2374,sword-of-the-stars-the-pit-gold-edition,0
2375,swords-and-soldiers--1,0
2376,syberia,0
2377,syberia-ii,0
2378,syder-arcade,1
2379,symphony,0
2380,synergy,1
2381,system-shock-2,1
2382,tdp4-team-battle,0
2383,tdp5-arena-3d,0
2384,tera,1
2385,the-king-of-fighters-xiii-steam-edition,0
2386,tome-immortal-arena,0
Soundrack/Skin/Bonus,0
2388,tri-of-friendship-and-madness,0
2389,tug,1
2390,tabletop-simulator,0
2391,tactical-intervention,1
2392,take-on-helicopters,0
2393,take-on-mars,0
2394,takedown-red-sabre,1
2395,tales-from-space-mutant-blobs-attack,0
2396,tales-from-the-borderlands,0
2397,tales-of-majeyal,0
2398,tales-of-majeyal-ashes-of-urhrok,0
2399,tales-of-monkey-island-chapter-1-launch-of-the-screaming-narwhal,0
2400,tales-of-monkey-island-chapter-2-the-siege-of-spinner-cay,0
2401,tales-of-monkey-island-chapter-3-lair-of-the-leviathan,0
2402,tales-of-monkey-island-chapter-4-the-trial-and-execution-of-guybrush-threepwood,0
2403,tales-of-monkey-island-chapter-5-rise-of-the-pirate-god,0
2404,tales-of-zestiria,0
2405,talisman-digital-edition,0
2406,talisman-prologue,0
2407,talismania-deluxe,0
2408,tap-tap-infinity,0
2409,team-fortress-2,1
2410,team-fortress-classic,1
2411,teddy-floppy-ear-the-race,0
2412,teenage-mutant-ninja-turtles-out-of-the-shadows,1
2413,teeworlds,0
2414,teleglitch-die-more-edition,1
2415,temper-tantrum,0
2416,tengami,0
2417,terablaster,1
2418,terra-incognita-chapter-one-the-descendant,0
2419,terraria,0
2420,terrorhedron,0
2421,tesla-effect-a-tex-murphy-adventure,0
2422,teslagrad,0
2423,test-drive-unlimited-2,0
2424,tetrobot-and-co,0
2425,the-39-steps,0
2426,the-amazing-spider-man--1,0
2427,the-baconing,0
2428,the-ball,1
2429,the-banner-saga,0
Soundrack/Skin/Bonus,0
2431,the-banner-saga-factions,0
2432,the-bard-s-tale,0
2433,the-basement-collection,0
2434,the-beast-of-lycan-isle,0
2435,the-beginners-guide,0
2436,the-binding-of-isaac,1
2437,the-binding-of-isaac-rebirth,1
2438,the-book-of-unwritten-tales,0
Soundrack/Skin/Bonus,0
2440,the-book-of-unwritten-tales-the-critter-chronicles,0
2441,the-bridge,0
2442,the-bureau-xcom-declassified,1
Soundrack/Skin/Bonus,0
2444,the-cat-lady,0
2445,the-cave,0
Soundrack/Skin/Bonus,0
2447,the-chronicles-of-riddick-assault-on-dark-athena,1
2448,the-clockwork-man,0
2449,the-clockwork-man-the-hidden-world,0
2450,the-crew,0
2451,the-culling-of-the-cows,0
2452,the-cursed-crusade,0
2453,the-darkness-ii,1
2454,the-dead-linger,1
2455,the-deer--1,0
2456,the-desolate-hope,0
2457,the-dig,0
2458,the-dream-machine,0
2459,the-dream-machine-chapter-3,0
2460,the-dream-machine-chapter-4,0
2461,the-dream-machine-chapter-5,0
2462,the-egyptian-prophecy-the-fate-of-ramses,0
2463,the-elder-scrolls-iii-morrowind,0
2464,the-elder-scrolls-iv-oblivion,0
Soundrack/Skin/Bonus,0
2466,the-elder-scrolls-v-skyrim,0
2467,the-elder-scrolls-v-skyrim-dawnguard,0
2468,the-elder-scrolls-v-skyrim-dragonborn,0
2469,the-elder-scrolls-v-skyrim-hearthfire,0
2470,the-escapists,0
2471,the-evil-within,1
2472,the-expendabros,1
2473,the-fall,1
2474,the-first-templar,0
2475,the-fish-fillets-2,0
2476,the-floor-is-jelly,0
2477,the-forest,0
2478,the-forest-of-doom,0
2479,the-forgotten-ones,0
2480,the-four-kings-casino-and-slots,0
2481,the-gate,0
2482,the-good-life,0
2483,the-great-art-race,0
2484,the-great-jitters-pudding-panic,0
2485,the-guild-gold-edition,0
2486,the-guild-2,0
2487,the-guild-2-pirates-of-the-european-seas,0
2488,the-guild-2-renaissance,0
2489,the-hat-man-shadow-ward,0
2490,the-howler,0
2491,the-i-of-the-dragon,0
2492,the-incredible-adventures-of-van-helsing,0
2493,the-incredible-adventures-of-van-helsing-ii,0
2494,the-incredible-adventures-of-van-helsing-thaumaturge,0
2495,the-inner-world,0
2496,the-jackbox-party-pack,0
2497,the-lego-movie-videogame,0
2498,the-last-federation,0
2499,the-last-remnant,0
2500,the-last-warlock,0
2501,the-legend-of-heroes-trails-in-the-sky,0
2502,the-legend-of-heroes-trails-in-the-sky-sc,0
2503,the-legend-of-korra,0
2504,the-long-dark,1
2505,the-longest-journey,0
2506,the-lord-of-the-rings-online,1
2507,the-lord-of-the-rings-war-in-the-north,0
2508,the-magic-circle,0
2509,the-maw,0
2510,the-maw-brute-force,0
2511,the-maw-river-redirect,0
2512,the-mighty-quest-for-epic-loot--1,0
2513,the-misadventures-of-pb-winterbottom,0
2514,the-movies,0
2515,the-movies-stunts-and-effects,0
2516,the-musketeers-victorias-quest,0
2517,the-night-of-the-rabbit,0
2518,the-novelist,0
2519,the-old-tree,0
2520,the-path,0
2521,the-pilgrim,0
2522,the-plan,0
2523,the-political-machine-2008,0
2524,the-polynomial,1
2525,the-promised-land--1,0
2526,the-raven-legacy-of-a-master-thief,0
2527,the-repopulation,1
Soundrack/Skin/Bonus,0
2529,the-room--3,0
2530,the-scourge-project-episodes-1-and-2,1
2531,the-secret-world,1
2532,the-secret-of-monkey-island-special-edition,0
2533,the-settlers-7-paths-to-a-kingdom-gold-edition,0
2534,the-settlers-online,0
2535,the-ship,1
2536,the-ship-single-player,1
Soundrack/Skin/Bonus,0
2538,the-showdown-effect,1
2539,the-sims-3--1,0
2540,the-sims-medieval--1,0
2541,the-slaughtering-grounds,1
2542,the-stanley-parable,0
2543,the-stomping-land,1
2544,the-swapper,0
2545,the-talos-principle,0
Soundrack/Skin/Bonus,0
2547,the-testament-of-sherlock-holmes,0
2548,the-tiny-bang-story,0
2549,the-treasures-of-montezuma-4,0
Soundrack/Skin/Bonus,0
2551,the-ultimate-doom,1
2552,the-universim,0
2553,the-vanishing-of-ethan-carter,0
2554,the-vanishing-of-ethan-carter-redux,0
Soundrack/Skin/Bonus,0
2556,the-walking-dead-season-one,1
2557,the-walking-dead-season-two,0
2558,the-way-of-life-free-edition,0
2559,the-whispered-world,0
2560,the-whispered-world-special-edition,0
2561,the-witcher-2-assassins-of-kings-enhanced-edition,0
2562,the-witcher-3-wild-hunt,0
Soundrack/Skin/Bonus,0
Soundrack/Skin/Bonus,0
2565,the-witcher-enhanced-edition,0
2566,the-wizards-pen,0
2567,the-wolf-among-us,0
2568,the-wonderful-end-of-the-world,0
2569,they-bleed-pixels,0
2570,thief,1
Soundrack/Skin/Bonus,0
Soundrack/Skin/Bonus,0
Soundrack/Skin/Bonus,0
Soundrack/Skin/Bonus,0
2575,thief-ii-the-metal-age,1
2576,thief-deadly-shadows,1
2577,thief-gold,0
2578,thinking-with-time-machine,0
2579,this-war-of-mine,0
2580,this-war-of-mine-war-child-charity,0
2581,thomas-was-alone,0
Soundrack/Skin/Bonus,0
2583,ticket-to-ride-europe,0
2584,ticket-to-ride-legendary-asia,0
2585,ticket-to-ride-switzerland,0
2586,ticket-to-ride-usa-1910,0
2587,tidalis,0
2588,tiki-man,0
2589,time-clickers,1
2590,time-gentlemen-please,0
2591,time-mysteries-2-the-ancient-spectres,0
2592,time-mysteries-3-the-final-enigma,0
2593,time-of-shadows,0
2594,tiny-brains,0
2595,tiny-bridge-ratventure,0
2596,tiny-troopers,1
2597,tiny-and-big-grandpa-s-leftovers,0
2598,titan-attacks--1,1
2599,titan-quest--1,0
2600,titan-quest-immortal-throne,0
2601,titan-souls,0
2602,to-the-moon,0
2603,toca-race-driver-3,0
2604,toast-time,0
2605,toki-tori--1,0
2606,toki-tori-2-plus,0
2607,tom-clancy-s-endwar,0
2608,tom-clancy-s-ghost-recon-advanced-warfighter,1
2609,tom-clancy-s-ghost-recon-advanced-warfighter-2,1
2610,tom-clancy-s-ghost-recon-future-soldier,1
Soundrack/Skin/Bonus,0
Soundrack/Skin/Bonus,0
Soundrack/Skin/Bonus,0
Soundrack/Skin/Bonus,0
Soundrack/Skin/Bonus,0
Soundrack/Skin/Bonus,0
Soundrack/Skin/Bonus,0
Soundrack/Skin/Bonus,0
Soundrack/Skin/Bonus,0
Soundrack/Skin/Bonus,0
Soundrack/Skin/Bonus,0
Soundrack/Skin/Bonus,0
Soundrack/Skin/Bonus,0
Soundrack/Skin/Bonus,0
Soundrack/Skin/Bonus,0
Soundrack/Skin/Bonus,0
Soundrack/Skin/Bonus,0
2628,tom-clancy-s-h-a-w-x-2,0
2629,tom-clancys-rainbow-six-3-athena-sword,1
2630,tom-clancys-rainbow-six-3-gold-edition,1
2631,tom-clancys-rainbow-six-siege,1
2632,tom-clancy-s-rainbow-six-vegas,1
2633,tom-clancy-s-rainbow-six-vegas-2,1
2634,tom-clancys-splinter-cell,1
2635,tom-clancy-s-splinter-cell-blacklist,1
2636,tom-clancys-splinter-cell-chaos-theory,1
2637,tom-clancy-s-splinter-cell-conviction,1
2638,tom-clancys-splinter-cell-double-agent,1
2639,tomb-raider,1
2640,tomb-raider-the-angel-of-darkness,1
2641,tomb-raider-anniversary,1
2642,tomb-raider-chronicles,1
Soundrack/Skin/Bonus,0
2644,tomb-raider-ii,1
2645,tomb-raider-iii-adventures-of-lara-croft,1
2646,tomb-raider-legend--1,1
2647,tomb-raider-the-last-revelation,1
2648,tomb-raider-underworld,1
2649,tony-hawk-s-pro-skater-hd,0
2650,torchlight,0
2651,torchlight-ii,0
2652,toribash,0
Soundrack/Skin/Bonus,0
2654,total-war-attila,0
2655,total-war-attila-age-of-charlemagne-campaign-pack,0
2656,total-war-battles-kingdom,0
2657,total-war-battles-shogun--1,0
2658,total-war-rome-ii-emperor-edition,0
2659,total-war-shogun-2,0
2660,total-war-shogun-2-fall-of-the-samurai,0
2661,tower-wars,1
2662,tower-of-guns,1
2663,town-of-salem,0
2664,towns,0
2665,towtruck-simulator-2015,0
2666,toy-soldiers,1
2667,toy-soldiers-war-chest,1
2668,toybox-turbos,0
2669,trackmania-2-canyon,0
2670,trackmania-2-stadium,1
2671,train-fever,0
2672,train-simulator,0
2673,trainz-simulator-12,0
2674,transformers-fall-of-cybertron,1
2675,transformers-war-for-cybertron,1
2676,transformice,0
2677,transistor,0
Soundrack/Skin/Bonus,0
2679,trapped-dead,0
2680,trials-2-second-edition,0
2681,trials-evolution-gold-edition,0
2682,trials-fusion,0
2683,tribes-ascend,1
2684,trine,1
2685,trine-2,0
2686,trine-3-the-artifacts-of-power,0
2687,tropico--1,0
2688,tropico-2-pirate-cove,0
2689,tropico-3-steam-special-edition,0
2690,tropico-3-absolute-power,0
2691,tropico-4,1
2692,tropico-5,0
2693,trove,1
Soundrack/Skin/Bonus,0
2695,turbo-dismount,0
2696,two-brothers,0
2697,two-worlds-ii-pirates-of-the-flying-fortress,0
2698,two-worlds-epic-edition,0
2699,two-worlds-ii,0
2700,two-worlds-ii-castle-defense,0
2701,type-rider,0
2702,typer-shark-deluxe,0
2703,uberstrike,1
2704,ubinota,0
2705,uebergame,0
2706,ultimate-general-gettysburg,0
2707,ultimate-tic-tac-toe,1
2708,ultionus-a-tale-of-petty-revenge,1
2709,ultra-street-fighter-iv,1
2710,ultratron,1
2711,uncharted-waters-online,0
Soundrack/Skin/Bonus,0
2713,uncrowded,0
2714,under-the-ocean,0
2715,undertale,0
2716,unepic,0
2717,unholy-heights,0
2718,unity-of-command,0
2719,universal-combat-ce,0
2720,universe-sandbox,0
2721,universe-at-war-earth-assault,0
2722,unreal-gold,1
2723,unreal-ii-the-awakening,1
2724,unreal-tournament-2004,1
2725,unreal-tournament-iii-black-edition,1
2726,unreal-tournament-game-of-the-year-edition,1
2727,unstoppable-gorg,0
2728,unturned--1,1
Soundrack/Skin/Bonus,0
2730,uplink,0
2731,urban-trial-freestyle,0
2732,uriels-chasm,0
2733,urizen-shadows-of-the-cold,0
2734,uru-complete-chronicles,0
2735,vvvvvv,0
2736,valdis-story-abyssal-city,0
2737,valiant-hearts-the-great-war,0
2738,valkyria-chronicles,0
2739,valkyria-chronicles-challenge-of-the-edy-detachment,0
Soundrack/Skin/Bonus,0
2741,valkyria-chronicles-hard-ex-mode,0
2742,valkyria-chronicles-selverias-mission-behind-her-blue-flame,0
2743,vampire-the-masquerade-bloodlines,0
2744,vangers,0
2745,vanguard-princess,0
Soundrack/Skin/Bonus,0
2747,vegas-make-it-big,0
2748,velocibox,0
2749,velvet-assassin,1
2750,velvet-sundown,0
2751,venice,0
2752,verdun,1
2753,vertical-drop-heroes-hd,0
2754,vertiginous-golf,0
2755,vessel,0
2756,victor-vran,0
2757,victoria-ii,0
Soundrack/Skin/Bonus,0
2759,victoria-revolutions,0
2760,viking-battle-for-asgard,0
2761,viking-brothers,0
2762,villagers-and-heroes,1
Soundrack/Skin/Bonus,0
2764,vindictus,1
2765,viridi,0
2766,viscera-cleanup-detail,0
2767,viscera-cleanup-detail-santa-s-rampage,0
2768,viscera-cleanup-detail-shadow-warrior,0
2769,voices-from-the-sea,0
2770,voidexpanse,0
2771,volgarr-the-viking,0
2772,voxelized,0
2773,wakfu,1
2774,warmode,1
2775,warshift,0
2776,world-end-economica-episode-dot-01,0
2777,wrc-4-fia-world-rally-championship,1
Soundrack/Skin/Bonus,0
2779,wwe-2k15,0
2780,walkover,0
2781,wallace-and-gromits-grand-adventures-episode-1-fright-of-the-bumblebees,0
2782,wanderlust-rebirth,1
2783,war-inc-battlezone,1
2784,war-operations,0
2785,war-thunder,1
2786,war-for-the-overworld,1
2787,war-in-a-box-paper-tanks,0
2788,war-of-the-roses,0
Soundrack/Skin/Bonus,0
2790,war-of-the-roses-kingmaker,0
2791,war-of-the-vikings,0
2792,warface,1
2793,warframe,1
2794,wargame-airland-battle,0
2795,wargame-european-escalation,0
2796,wargame-red-dragon,1
2797,warhammer-40-000-dawn-of-war-dark-crusade,0
2798,warhammer-40-000-dawn-of-war-soulstorm,0
2799,warhammer-40-000-dawn-of-war-winter-assault,0
2800,warhammer-40000-dawn-of-war-game-of-the-year-edition,0
2801,warhammer-40-000-dawn-of-war-ii,1
2802,warhammer-40-000-dawn-of-war-ii-retribution,0
2803,warhammer-40-000-dawn-of-war-ii-chaos-rising,0
2804,warhammer-40000-regicide,0
2805,warhammer-40-000-space-marine,1
2806,warhammer-40000-storm-of-vengeance,0
2807,warhammer-end-times-vermintide,1
2808,warhammer-end-times-vermintide-sigmars-blessing,0
2809,warhammer-online-age-of-reckoning,1
2810,warhammer-quest,0
Soundrack/Skin/Bonus,0
2812,warlock-master-of-the-arcane,0
Soundrack/Skin/Bonus,0
2814,warlock-ii-the-exiled,0
2815,warmachine-tactics,0
2816,warside,0
Soundrack/Skin/Bonus,0
2818,wasteland-2,0
2819,wasteland-2-directors-cut,0
2820,wasteland-angel,1
2821,watch-dogs,1
Soundrack/Skin/Bonus,0
2823,waveform,0
2824,waves--2,0
2825,way-of-the-samurai-4,0
2826,weather-lord-the-successors-path,0
2827,weird-worlds-return-to-infinite-space,0
2828,where-is-my-heart,0
2829,whisper-of-a-rose,0
2830,whos-that-flying,0
2831,why-so-evil-2-dystopia,0
2832,wickland,1
2833,wild-warfare,0
2834,wind-of-luck-arena,0
Soundrack/Skin/Bonus,0
2836,windosill,0
2837,wings-of-prey,1
2838,winning-post-8-2015,0
2839,without-within,0
2840,wizardry-online,1
2841,wizorb,0
2842,wolfenstein,1
2843,wolfenstein-3d,1
Soundrack/Skin/Bonus,0
2845,wolfenstein-the-new-order,1
2846,wolfenstein-the-old-blood,1
2847,wooden-floor,0
2848,woodle-tree-adventures,0
2849,world-basketball-manager-2010,0
2850,world-war-ii-panzer-claws,0
2851,world-war-iii-black-gold,0
2852,world-in-conflict,0
2853,world-in-conflict-soviet-assault,0
2854,world-of-battles-morningstar,1
2855,world-of-goo,0
2856,world-of-guns-gun-disassembly,1
2857,world-of-soccer-online,0
2858,world-of-zoo,0
2859,worms,0
2860,worms-armageddon--1,0
2861,worms-blast,0
2862,worms-clan-wars,1
2863,worms-crazy-golf,0
2864,worms-pinball,0
2865,worms-reloaded,0
2866,worms-revolution--1,0
2867,worms-ultimate-mayhem,1
2868,wrack,1
2869,cry-of-athena,0
2870,x-beyond-the-frontier,0
2871,x-rebirth,1
2872,x-blades,1
2873,x-com-apocalypse,0
2874,x-com-enforcer,1
2875,x-com-interceptor,0
Soundrack/Skin/Bonus,0
2877,x-com-ufo-defense,0
2878,x-tension,0
2879,x2-the-threat,0
2880,x3-albion-prelude,0
2881,x3-reunion,0
2882,x3-terran-conflict,0
2883,xcom-enemy-unknown,0
2884,xcom-enemy-within--1,0
2885,xam,0
2886,xenonauts,0
2887,xeodrifter,0
2888,xotic,1
2889,you-dont-know-jack-headrush,0
2890,you-dont-know-jack-movies,0
2891,you-dont-know-jack-sports,0
2892,you-dont-know-jack-television,0
2893,you-dont-know-jack-vol-1-xl,0
2894,you-dont-know-jack-vol-2,0
2895,you-dont-know-jack-vol-3,0
2896,you-dont-know-jack-vol-4-the-ride,0
2897,yesterday,0
2898,yet-another-zombie-defense,1
2899,you-have-to-win-the-game,1
Soundrack/Skin/Bonus,0
Soundrack/Skin/Bonus,0
2902,ys-ii,0
2903,ys-origin,0
2904,ys-the-oath-in-felghana,0
2905,ys-vi-the-ark-of-napishtim,0
2906,zack-zero,0
2907,zafehouse-diaries,0
2908,zen-bound-2,0
2909,zeno-clash,1
2910,zeno-clash-ii,1
2911,zero-gear,0
2912,ziggurat--1,1
2913,zombie-army-trilogy,1
2914,zombie-driver,1
2915,zombie-driver-hd,0
2916,zombie-panic--1,1
2917,zombie-shooter,1
2918,zombie-shooter-2,1
2919,zombie-zoeds,0
2920,zmr-zombies-monsters-robots,1
2921,zuma-deluxe,0
2922,bit-dungeon-ii,0
2923,exceed-2nd-vampire-rex,1
2924,exceed-3rd-jade-penetrate-black-package,1
2925,how-do-you-do-it,0
2926,ibomber-defense,0
2927,ibomber-defense-pacific,0
2928,iracing,1
2929,ibb-and-obb,1
2930,rfactor,0
2931,realmyst,0
2932,resident-evil-4,1
2933,szone-online,1
2934,the-static-speaks-my-name,0
2935,thehunter-classic,1
